work_date,file_name,action,user,role,status,qa_status,review_reason,scene_type,bbox_count
2026-10-07 10:12:42,250410_144532010108.jpg,work_save,최용훈,worker,DONE,WAIT,,kimchi_with_target,5
2026-10-07 10:13:20,250410_145141723860.jpg,work_save,최용훈,worker,EDITED,WAIT,,kimchi_with_target,5
2026-10-07 10:16:36,250410_145433197807.jpg,work_save,최용훈,worker,EDITED,WAIT,,kimchi_with_target,5
2026-10-07 10:16:53,250410_150722732261.jpg,work_save,최용훈,worker,EDITED,WAIT,,kimchi_with_target,5
2026-10-07 10:17:06,250410_151837622952.jpg,work_save,최용훈,worker,DONE,WAIT,,kimchi_with_target,5
2026-10-07 10:21:25,250410_151959551499.jpg,work_save,최용훈,worker,DONE,WAIT,,kimchi_with_target,5
2026-10-07 10:22:02,250410_152043730782.jpg,work_save,최용훈,worker,EDITED,WAIT,,kimchi_with_target,5
2026-10-07 10:22:29,250410_152154012800.jpg,work_save,최용훈,worker,EDITED,WAIT,,kimchi_with_target,5
2026-10-07 10:24:47,250410_152458884244.jpg,work_save,최용훈,worker,EDITED,WAIT,,kimchi_with_target,5
2026-10-07 10:25:09,250410_152531781799.jpg,work_save,최용훈,worker,DONE,WAIT,,kimchi_with_target,5
2026-10-07 10:25:21,250410_155734186034.jpg,work_save,최용훈,worker,DONE,WAIT,,kimchi_with_target,5
2026-10-07 10:25:36,250410_155943122243.jpg,work_save,최용훈,worker,DONE,WAIT,,kimchi_with_target,5
2026-10-07 10:27:26,250410_160155606350.jpg,work_save,최용훈,worker,EDITED,WAIT,,kimchi_with_target,5
2026-10-07 10:27:40,250410_170005947995.jpg,work_save,최용훈,worker,DONE,WAIT,,kimchi_with_target,5
2026-10-07 10:28:37,250410_170049726315.jpg,work_save,최용훈,worker,EDITED,WAIT,,kimchi_with_target,5
2026-10-07 10:29:06,250410_170944512953.jpg,work_save,최용훈,worker,DONE,WAIT,,kimchi_with_target,5
2026-10-07 10:29:21,250410_171526553647.jpg,work_save,최용훈,worker,DONE,WAIT,,kimchi_with_target,5
2026-10-07 10:29:36,250410_172417911438.jpg,work_save,최용훈,worker,DONE,WAIT,,kimchi_with_target,5
2026-10-07 10:30:43,250410_172828996170.jpg,work_save,최용훈,worker,DONE,WAIT,,kimchi_with_target,5
2026-10-07 10:31:12,250410_173557486868.jpg,work_save,최용훈,worker,DONE,WAIT,,kimchi_with_target,5
2026-10-07 10:32:47,250410_174950640074.jpg,work_save,최용훈,worker,REVIEW,WAIT,too_small_to_identify,kimchi_with_target,7
2026-10-07 10:33:15,250410_175133040999.jpg,work_save,최용훈,worker,DONE,WAIT,,kimchi_with_target,5
2026-10-07 10:35:03,250410_175310273550.jpg,work_save,최용훈,worker,EDITED,WAIT,,kimchi_with_target,6
2026-10-07 10:35:35,250410_175613332662.jpg,work_save,최용훈,worker,REVIEW,WAIT,too_small_to_identify,kimchi_with_target,6
2026-10-07 10:36:04,250410_180033976404.jpg,work_save,최용훈,worker,REVIEW,WAIT,class_ambiguous,kimchi_with_target,6
2026-10-07 10:36:20,250410_180117079374.jpg,work_save,최용훈,worker,DONE,WAIT,,kimchi_with_target,5
2026-10-07 10:36:44,250410_180317754189.jpg,work_save,최용훈,worker,DONE,WAIT,,kimchi_with_target,5
2026-10-07 10:37:07,250410_181313625145.jpg,work_save,최용훈,worker,DONE,WAIT,,kimchi_with_target,5
2026-10-07 10:37:19,250410_181519426889.jpg,work_save,최용훈,worker,DONE,WAIT,,kimchi_with_target,5
2026-10-07 10:39:56,250513_021711038406.jpg,work_save,최용훈,worker,DONE,WAIT,,object_only,2
2026-10-07 10:40:11,250513_021702627527.jpg,work_save,최용훈,worker,DONE,WAIT,,object_only,4
2026-10-07 10:40:20,250513_021653487917.jpg,work_save,최용훈,worker,DONE,WAIT,,object_only,4
2026-10-07 10:40:30,250513_021646222060.jpg,work_save,최용훈,worker,DONE,WAIT,,object_only,4
2026-10-07 10:40:39,250513_021628303797.jpg,work_save,최용훈,worker,DONE,WAIT,,object_only,4
2026-10-07 10:40:48,250513_021615909822.jpg,work_save,최용훈,worker,DONE,WAIT,,object_only,5
2026-10-07 10:41:05,250513_021558743377.jpg,work_save,최용훈,worker,DONE,WAIT,,object_only,5
2026-10-07 10:41:12,250513_021549661328.jpg,work_save,최용훈,worker,DONE,WAIT,,object_only,5
2026-10-07 10:41:20,250513_021539913227.jpg,work_save,최용훈,worker,DONE,WAIT,,object_only,5
2026-10-07 10:41:25,250513_021522087814.jpg,work_save,최용훈,worker,DONE,WAIT,,object_only,3
2026-10-07 10:41:33,250513_021503927470.jpg,work_save,최용훈,worker,DONE,WAIT,,object_only,3
2026-10-07 10:41:39,250513_021445620839.jpg,work_save,최용훈,worker,DONE,WAIT,,object_only,2
2026-10-07 10:41:45,250513_021435579095.jpg,work_save,최용훈,worker,DONE,WAIT,,object_only,3
2026-10-07 10:41:55,250513_021424892102.jpg,work_save,최용훈,worker,DONE,WAIT,,object_only,2
2026-10-07 10:42:04,250513_021413998344.jpg,work_save,최용훈,worker,DONE,WAIT,,object_only,3
2026-10-07 10:45:07,250513_021406217768.jpg,work_save,최용훈,worker,DONE,WAIT,,object_only,3
2026-10-07 10:45:13,250513_021405809512.jpg,work_save,최용훈,worker,DONE,WAIT,,object_only,3
2026-10-07 10:45:19,250513_021357007585.jpg,work_save,최용훈,worker,DONE,WAIT,,object_only,3
2026-10-07 10:45:25,250513_021344514305.jpg,work_save,최용훈,worker,DONE,WAIT,,object_only,7
2026-10-07 10:45:30,250513_021305141318.jpg,work_save,최용훈,worker,DONE,WAIT,,object_only,1
2026-10-07 10:46:34,250513_021249058642.jpg,work_save,최용훈,worker,DONE,WAIT,,object_only,1
2026-10-07 10:46:38,250513_021240978983.jpg,work_save,최용훈,worker,DONE,WAIT,,object_only,1
2026-10-07 10:46:45,250513_021233704903.jpg,work_save,최용훈,worker,DONE,WAIT,,object_only,1
2026-10-07 10:46:57,250513_021224263265.jpg,work_save,최용훈,worker,DONE,WAIT,,object_only,2
2026-10-07 10:47:08,250513_021213190018.jpg,work_save,최용훈,worker,DONE,WAIT,,object_only,2
2026-10-07 10:47:13,250513_021204824022.jpg,work_save,최용훈,worker,DONE,WAIT,,object_only,1
2026-10-07 10:47:17,250513_021157703738.jpg,work_save,최용훈,worker,DONE,WAIT,,object_only,1
2026-10-07 10:47:23,250513_021150715030.jpg,work_save,최용훈,worker,DONE,WAIT,,object_only,1
2026-10-07 10:47:28,250513_021144766911.jpg,work_save,최용훈,worker,DONE,WAIT,,object_only,1
2026-10-07 10:47:33,250513_021137841395.jpg,work_save,최용훈,worker,DONE,WAIT,,object_only,2
2026-10-07 10:47:37,250513_021126718161.jpg,work_save,최용훈,worker,DONE,WAIT,,object_only,2
2026-10-07 10:47:41,250513_021119693563.jpg,work_save,최용훈,worker,DONE,WAIT,,object_only,1
2026-10-07 10:47:46,250513_021108612477.jpg,work_save,최용훈,worker,DONE,WAIT,,object_only,2
2026-10-07 10:47:51,250513_021046362799.jpg,work_save,최용훈,worker,DONE,WAIT,,object_only,3
2026-10-07 10:49:32,250513_021015212241.jpg,work_save,최용훈,worker,DONE,WAIT,,object_only,3
2026-10-07 10:49:43,250513_021003217917.jpg,work_save,최용훈,worker,DONE,WAIT,,object_only,3
2026-10-07 10:49:51,250513_020943104521.jpg,work_save,최용훈,worker,DONE,WAIT,,object_only,3
2026-10-07 10:57:48,250513_020915257020.jpg,work_save,최용훈,worker,DONE,WAIT,,object_only,2
2026-10-07 10:58:10,250513_020846723329.jpg,work_save,최용훈,worker,DONE,WAIT,,object_only,3
2026-10-07 10:58:15,250513_020832754654.jpg,work_save,최용훈,worker,DONE,WAIT,,object_only,3
2026-10-07 10:58:19,250513_020818506439.jpg,work_save,최용훈,worker,DONE,WAIT,,object_only,3
2026-10-07 10:59:07,250513_020804589690.jpg,work_save,최용훈,worker,REVIEW,WAIT,class_ambiguous,object_only,3
2026-10-07 10:59:58,250513_020750875797.jpg,work_save,최용훈,worker,REVIEW,WAIT,too_small_to_identify,object_only,5
2026-10-07 11:00:26,250513_020743814028.jpg,work_save,최용훈,worker,DONE,WAIT,,object_only,3
2026-10-07 11:00:36,250513_020644737505.jpg,work_save,최용훈,worker,DONE,WAIT,,object_only,3
2026-10-07 11:00:44,250513_020633185824.jpg,work_save,최용훈,worker,DONE,WAIT,,object_only,3
2026-10-07 11:01:01,250513_020621226161.jpg,work_save,최용훈,worker,DONE,WAIT,,object_only,3
2026-10-07 11:01:13,250513_020611446070.jpg,work_save,최용훈,worker,DONE,WAIT,,object_only,4
2026-10-07 11:01:26,250513_020558935073.jpg,work_save,최용훈,worker,DONE,WAIT,,object_only,4
2026-10-07 11:01:33,250513_020549238232.jpg,work_save,최용훈,worker,DONE,WAIT,,object_only,4
2026-10-07 11:02:08,250513_020538475964.jpg,work_save,최용훈,worker,REVIEW,WAIT,too_small_to_identify,object_only,6
2026-10-07 11:02:33,250513_020519404101.jpg,work_save,최용훈,worker,REVIEW,WAIT,too_small_to_identify,object_only,6
2026-10-07 11:02:45,250513_020502446188.jpg,work_save,최용훈,worker,DONE,WAIT,,object_only,4
2026-10-07 11:03:27,250513_014148760172.jpg,work_save,최용훈,worker,DONE,WAIT,,object_only,5
2026-10-07 11:03:32,250513_014212675091.jpg,work_save,최용훈,worker,DONE,WAIT,,object_only,1
2026-10-07 11:03:38,250513_014220423606.jpg,work_save,최용훈,worker,DONE,WAIT,,object_only,2
2026-10-07 11:04:47,250513_014239750324.jpg,work_save,최용훈,worker,DONE,WAIT,,object_only,3
2026-10-07 11:04:52,250513_014250690081.jpg,work_save,최용훈,worker,DONE,WAIT,,object_only,3
2026-10-07 11:04:59,250513_014619552198.jpg,work_save,최용훈,worker,DONE,WAIT,,object_only,4
2026-10-07 11:05:06,250513_014651188904.jpg,work_save,최용훈,worker,DONE,WAIT,,object_only,5
2026-10-07 11:05:10,250513_014716701635.jpg,work_save,최용훈,worker,DONE,WAIT,,object_only,5
2026-10-07 11:06:07,250513_014744740745.jpg,work_save,최용훈,worker,DONE,WAIT,,object_only,4
2026-10-07 11:06:11,250513_014805286637.jpg,work_save,최용훈,worker,DONE,WAIT,,object_only,3
2026-10-07 11:06:15,250513_014819436154.jpg,work_save,최용훈,worker,DONE,WAIT,,object_only,2
2026-10-07 11:06:21,250513_014828866941.jpg,work_save,최용훈,worker,DONE,WAIT,,object_only,3
2026-10-07 11:09:12,250513_014839145281.jpg,work_save,최용훈,worker,DONE,WAIT,,object_only,3
2026-10-07 11:09:16,250513_015237273675.jpg,work_save,최용훈,worker,DONE,WAIT,,object_only,3
2026-10-07 11:09:20,250513_015246673678.jpg,work_save,최용훈,worker,DONE,WAIT,,object_only,2
2026-10-07 11:09:24,250513_015331540104.jpg,work_save,최용훈,worker,DONE,WAIT,,object_only,3
2026-10-07 11:09:30,250513_015342343246.jpg,work_save,최용훈,worker,DONE,WAIT,,object_only,2
2026-10-07 11:09:35,250513_015352753427.jpg,work_save,최용훈,worker,DONE,WAIT,,object_only,2
2026-10-07 11:09:38,250513_015403580381.jpg,work_save,최용훈,worker,DONE,WAIT,,object_only,2
2026-10-07 11:09:44,250513_015420675871.jpg,work_save,최용훈,worker,DONE,WAIT,,object_only,3
2026-10-07 11:12:39,250513_015429479009.jpg,work_save,최용훈,worker,DONE,WAIT,,object_only,3
2026-10-07 11:12:59,250513_015442042178.jpg,work_save,최용훈,worker,DONE,WAIT,,object_only,3
2026-10-07 11:13:37,250513_015452233667.jpg,work_save,최용훈,worker,DONE,WAIT,,object_only,4
2026-10-07 11:13:40,250513_015514809852.jpg,work_save,최용훈,worker,DONE,WAIT,,object_only,3
2026-10-07 11:13:58,250513_015523209371.jpg,work_save,최용훈,worker,DONE,WAIT,,object_only,3
2026-10-07 11:14:32,250513_015532932551.jpg,work_save,최용훈,worker,DONE,WAIT,,object_only,3
2026-10-07 11:14:41,250513_015542447244.jpg,work_save,최용훈,worker,DONE,WAIT,,object_only,2
2026-10-07 11:15:01,250513_015550523265.jpg,work_save,최용훈,worker,DONE,WAIT,,object_only,3
2026-10-07 11:15:20,250513_015559001262.jpg,work_save,최용훈,worker,DONE,WAIT,,object_only,2
2026-10-07 11:20:23,250513_015607259390.jpg,work_save,최용훈,worker,DONE,WAIT,,object_only,3
2026-10-07 11:20:30,250513_015635581130.jpg,work_save,최용훈,worker,DONE,WAIT,,object_only,4
2026-10-07 11:20:33,250513_015643998868.jpg,work_save,최용훈,worker,DONE,WAIT,,object_only,4
2026-10-07 11:20:45,250513_015652352412.jpg,work_save,최용훈,worker,DONE,WAIT,,object_only,5
2026-10-07 11:20:48,250513_015705034630.jpg,work_save,최용훈,worker,DONE,WAIT,,object_only,1
2026-10-07 11:20:51,250513_015712687737.jpg,work_save,최용훈,worker,DONE,WAIT,,object_only,2
2026-10-07 11:20:54,250513_015737558428.jpg,work_save,최용훈,worker,DONE,WAIT,,object_only,3
2026-10-07 11:23:21,250513_015748335568.jpg,work_save,최용훈,worker,DONE,WAIT,,object_only,3
2026-10-07 11:23:39,250513_015757121885.jpg,work_save,최용훈,worker,DONE,WAIT,,object_only,4
2026-10-07 11:23:44,250513_015819340200.jpg,work_save,최용훈,worker,DONE,WAIT,,object_only,4
2026-10-07 11:23:49,250513_015835050786.jpg,work_save,최용훈,worker,DONE,WAIT,,object_only,3
2026-10-07 11:23:53,250513_015848527907.jpg,work_save,최용훈,worker,DONE,WAIT,,object_only,2
2026-10-07 11:23:58,250513_015923922984.jpg,work_save,최용훈,worker,DONE,WAIT,,object_only,5
2026-10-07 11:24:02,250513_015934463160.jpg,work_save,최용훈,worker,DONE,WAIT,,object_only,1
2026-10-07 11:24:05,250513_015943430085.jpg,work_save,최용훈,worker,DONE,WAIT,,object_only,3
2026-10-07 11:24:11,250513_015956702950.jpg,work_save,최용훈,worker,DONE,WAIT,,object_only,2
2026-10-07 11:24:15,250513_020008155376.jpg,work_save,최용훈,worker,DONE,WAIT,,object_only,2
2026-10-07 11:24:18,250513_020017027166.jpg,work_save,최용훈,worker,DONE,WAIT,,object_only,2
2026-10-07 11:24:29,250513_020026421685.jpg,work_save,최용훈,worker,DONE,WAIT,,object_only,2
2026-10-07 11:24:32,250513_020037160142.jpg,work_save,최용훈,worker,DONE,WAIT,,object_only,2
2026-10-07 11:24:38,250513_020048358486.jpg,work_save,최용훈,worker,DONE,WAIT,,object_only,2
2026-10-07 11:24:42,250513_020101011960.jpg,work_save,최용훈,worker,DONE,WAIT,,object_only,3
2026-10-07 11:24:44,250513_020112593206.jpg,work_save,최용훈,worker,DONE,WAIT,,object_only,2
2026-10-07 11:24:51,250513_020126825853.jpg,work_save,최용훈,worker,DONE,WAIT,,object_only,2
2026-10-07 11:24:56,250513_020141991605.jpg,work_save,최용훈,worker,DONE,WAIT,,object_only,3
2026-10-07 11:24:59,250513_020150756977.jpg,work_save,최용훈,worker,DONE,WAIT,,object_only,3
2026-10-07 11:25:04,250513_020204533684.jpg,work_save,최용훈,worker,DONE,WAIT,,object_only,4
2026-10-07 11:25:10,250513_020212490214.jpg,work_save,최용훈,worker,DONE,WAIT,,object_only,4
2026-10-07 11:25:13,250513_020225144840.jpg,work_save,최용훈,worker,DONE,WAIT,,object_only,4
2026-10-07 11:25:18,250513_020233505190.jpg,work_save,최용훈,worker,DONE,WAIT,,object_only,4
2026-10-07 11:25:23,250513_020250961835.jpg,work_save,최용훈,worker,DONE,WAIT,,object_only,3
2026-10-07 11:25:29,250513_020304399650.jpg,work_save,최용훈,worker,DONE,WAIT,,object_only,6
2026-10-07 11:25:35,250513_020320098243.jpg,work_save,최용훈,worker,DONE,WAIT,,object_only,5
2026-10-07 11:25:39,250513_020337379138.jpg,work_save,최용훈,worker,DONE,WAIT,,object_only,5
2026-10-07 11:25:43,250513_020402036089.jpg,work_save,최용훈,worker,DONE,WAIT,,object_only,4
2026-10-07 11:25:46,250513_020421725158.jpg,work_save,최용훈,worker,DONE,WAIT,,object_only,5
2026-10-07 11:25:50,250513_020431482923.jpg,work_save,최용훈,worker,DONE,WAIT,,object_only,5
2026-10-07 11:25:56,250513_020440264823.jpg,work_save,최용훈,worker,DONE,WAIT,,object_only,5
2026-10-07 11:26:02,250513_020502446188.jpg,work_save,최용훈,worker,DONE,WAIT,,object_only,4
2026-10-07 09:46:01,250410_144403911987.jpg,work_save,심준형,worker,DONE,WAIT,,kimchi_with_target,5
2026-10-07 09:46:30,250410_144403911987.jpg,work_save,심준형,worker,REVIEW,WAIT,bbox_boundary_ambiguous,kimchi_with_target,5
2026-10-07 09:46:44,250410_144403911987.jpg,work_save,심준형,worker,DONE,WAIT,,kimchi_with_target,5
2026-10-07 09:57:53,250410_144403911987.jpg,work_save,김하민,worker,EDITED,WAIT,,kimchi_with_target,6
2026-10-07 09:57:55,250410_144403911987.jpg,work_save,김하민,worker,EDITED,WAIT,,kimchi_with_target,6
2026-10-07 09:58:05,250410_144449962356.jpg,work_save,김하민,worker,DONE,WAIT,,kimchi_with_target,5
2026-10-07 09:58:18,250410_144834943618.jpg,work_save,김하민,worker,DONE,WAIT,,kimchi_with_target,5
2026-10-07 09:58:28,250410_145037640704.jpg,work_save,김하민,worker,DONE,WAIT,,kimchi_with_target,5
2026-10-07 09:58:37,250410_145316482671.jpg,work_save,김하민,worker,DONE,WAIT,,kimchi_with_target,5
2026-10-07 09:59:10,250410_145522054916.jpg,work_save,김하민,worker,DONE,WAIT,,kimchi_with_target,4
2026-10-07 09:59:23,250410_145804344533.jpg,work_save,김하민,worker,DONE,WAIT,,kimchi_with_target,5
2026-10-07 09:59:44,250410_150040264734.jpg,work_save,김하민,worker,DONE,WAIT,,kimchi_with_target,5
2026-10-07 10:00:09,250410_150133469509.jpg,work_save,김하민,worker,DONE,WAIT,,kimchi_with_target,5
2026-10-07 10:00:39,250410_150216388445.jpg,work_save,김하민,worker,DONE,WAIT,,kimchi_with_target,5
2026-10-07 10:00:51,250410_150306918269.jpg,work_save,김하민,worker,DONE,WAIT,,kimchi_with_target,5
2026-10-07 10:01:04,250410_150346868183.jpg,work_save,김하민,worker,DONE,WAIT,,kimchi_with_target,5
2026-10-07 10:01:09,250410_150427011255.jpg,work_save,김하민,worker,DONE,WAIT,,kimchi_with_target,5
2026-10-07 10:01:38,250410_150516419769.jpg,work_save,김하민,worker,DONE,WAIT,,kimchi_with_target,5
2026-10-07 10:01:57,250410_150559581998.jpg,work_save,김하민,worker,EDITED,WAIT,,kimchi_with_target,5
2026-10-07 10:02:45,250410_150635306503.jpg,work_save,김하민,worker,EDITED,WAIT,,kimchi_with_target,5
2026-10-07 10:03:32,250410_150808416709.jpg,work_save,김하민,worker,EDITED,WAIT,,kimchi_with_target,5
2026-10-07 10:03:44,250513_022444165179.jpg,work_save,박건,worker,EDITED,WAIT,,object_only,7
2026-10-07 10:04:03,250410_150848922166.jpg,work_save,김하민,worker,DONE,WAIT,,kimchi_with_target,5
2026-10-07 10:04:05,250513_022416739467.jpg,work_save,박건,worker,DONE,WAIT,,object_only,2
2026-10-07 10:04:25,250410_150949043386.jpg,work_save,김하민,worker,DONE,WAIT,,kimchi_with_target,5
2026-10-07 10:04:38,250513_022402086607.jpg,work_save,박건,worker,EDITED,WAIT,,object_only,4
2026-10-07 10:04:43,250410_151029696229.jpg,work_save,김하민,worker,DONE,WAIT,,kimchi_with_target,5
2026-10-07 10:04:54,250513_022352029211.jpg,work_save,박건,worker,DONE,WAIT,,object_only,3
2026-10-07 10:05:06,250513_022341564846.jpg,work_save,박건,worker,DONE,WAIT,,object_only,3
2026-10-07 10:05:19,250513_022233676410.jpg,work_save,박건,worker,DONE,WAIT,,object_only,4
2026-10-07 10:05:23,250410_151139983231.jpg,work_save,김하민,worker,DONE,WAIT,,kimchi_with_target,5
2026-10-07 10:05:30,250513_022220095831.jpg,work_save,박건,worker,DONE,WAIT,,object_only,3
2026-10-07 10:05:42,250513_022210287197.jpg,work_save,박건,worker,DONE,WAIT,,object_only,3
2026-10-07 10:05:54,250513_022144941639.jpg,work_save,박건,worker,DONE,WAIT,,object_only,2
2026-10-07 10:06:01,250410_151231944374.jpg,work_save,김하민,worker,EDITED,WAIT,,kimchi_with_target,6
2026-10-07 10:06:12,250513_022131908234.jpg,work_save,박건,worker,EDITED,WAIT,,object_only,2
2026-10-07 10:06:29,250513_022118763062.jpg,work_save,박건,worker,DONE,WAIT,,object_only,3
2026-10-07 10:06:32,250410_151304603268.jpg,work_save,김하민,worker,EDITED,WAIT,,kimchi_with_target,6
2026-10-07 10:06:44,250410_151341801257.jpg,work_save,김하민,worker,DONE,WAIT,,kimchi_with_target,5
2026-10-07 10:07:00,250410_151431800368.jpg,work_save,김하민,worker,DONE,WAIT,,kimchi_with_target,5
2026-10-07 10:08:08,250513_022057115759.jpg,work_save,박건,worker,EDITED,WAIT,,object_only,3
2026-10-07 10:08:16,250410_151504600233.jpg,work_save,김하민,worker,REVIEW,WAIT,class_ambiguous,kimchi_with_target,6
2026-10-07 10:08:32,250410_151546165963.jpg,work_save,김하민,worker,DONE,WAIT,,kimchi_with_target,5
2026-10-07 10:08:47,250513_022041431304.jpg,work_save,박건,worker,DONE,WAIT,,object_only,4
2026-10-07 10:08:54,250513_022029312836.jpg,work_save,박건,worker,DONE,WAIT,,object_only,3
2026-10-07 10:09:06,250513_022020042401.jpg,work_save,박건,worker,EDITED,WAIT,,object_only,3
2026-10-07 10:09:12,250513_022002033052.jpg,work_save,박건,worker,DONE,WAIT,,object_only,1
2026-10-07 10:09:20,250410_151631868173.jpg,work_save,김하민,worker,DONE,WAIT,,kimchi_with_target,5
2026-10-07 10:10:11,250513_021952888560.jpg,work_save,박건,worker,DONE,WAIT,,object_only,2
2026-10-07 10:10:21,250513_021942681060.jpg,work_save,박건,worker,DONE,WAIT,,object_only,3
2026-10-07 10:10:29,250513_021933338649.jpg,work_save,박건,worker,DONE,WAIT,,object_only,4
2026-10-07 10:10:31,250410_151713908283.jpg,work_save,김하민,worker,REVIEW,WAIT,class_ambiguous,kimchi_with_target,6
2026-10-07 10:10:37,250513_021922770294.jpg,work_save,박건,worker,DONE,WAIT,,object_only,3
2026-10-07 10:10:47,250513_021911942196.jpg,work_save,박건,worker,DONE,WAIT,,object_only,3
2026-10-07 10:10:52,250410_151754102631.jpg,work_save,김하민,worker,DONE,WAIT,,kimchi_with_target,5
2026-10-07 10:10:55,250513_021900840954.jpg,work_save,박건,worker,DONE,WAIT,,object_only,3
2026-10-07 10:11:25,250410_151920880325.jpg,work_save,김하민,worker,DONE,WAIT,,kimchi_with_target,5
2026-10-07 10:11:35,250410_152120483994.jpg,work_save,김하민,worker,DONE,WAIT,,kimchi_with_target,5
2026-10-07 10:11:42,250513_021851164524.jpg,work_save,박건,worker,EDITED,WAIT,,object_only,3
2026-10-07 10:11:54,250513_021837552190.jpg,work_save,박건,worker,DONE,WAIT,,object_only,4
2026-10-07 10:12:14,250513_021827419874.jpg,work_save,박건,worker,EDITED,WAIT,,object_only,4
2026-10-07 10:12:23,250513_021804963969.jpg,work_save,박건,worker,DONE,WAIT,,object_only,3
2026-10-07 10:12:36,250513_021752644486.jpg,work_save,박건,worker,DONE,WAIT,,object_only,4
2026-10-07 10:12:45,250513_021739998611.jpg,work_save,박건,worker,DONE,WAIT,,object_only,3
2026-10-07 10:12:56,250513_021732352571.jpg,work_save,박건,worker,DONE,WAIT,,object_only,3
2026-10-07 10:13:17,250513_021719424551.jpg,work_save,박건,worker,EDITED,WAIT,,object_only,4
2026-10-07 10:14:27,250410_151504600233.jpg,work_save,김하민,worker,EDITED,WAIT,,kimchi_with_target,6
2026-10-07 10:14:30,250410_151713908283.jpg,work_save,김하민,worker,EDITED,WAIT,,kimchi_with_target,6
2026-10-07 10:14:44,250424_170546955381.jpg,work_save,박건,worker,DONE,WAIT,,object_only,5
2026-10-07 10:15:03,250424_170349029554.jpg,work_save,박건,worker,DONE,WAIT,,object_only,5
2026-10-07 10:15:38,250411_141859877677.jpg,work_save,심준형,worker,DONE,WAIT,,kimchi_with_target,5
2026-10-07 10:15:40,250410_152232188708.jpg,work_save,김하민,worker,DONE,WAIT,,kimchi_with_target,5
2026-10-07 10:15:59,250424_165805730646.jpg,work_save,박건,worker,EDITED,WAIT,,kimchi_with_target,5
2026-10-07 10:15:59,250411_141947463304.jpg,work_save,심준형,worker,DONE,WAIT,,kimchi_with_target,5
2026-10-07 10:16:14,250424_170349029554.jpg,work_save,박건,worker,DONE,WAIT,,kimchi_with_target,5
2026-10-07 10:16:14,250411_142033408182.jpg,work_save,심준형,worker,DONE,WAIT,,kimchi_with_target,5
2026-10-07 10:16:17,250424_170546955381.jpg,work_save,박건,worker,DONE,WAIT,,kimchi_with_target,5
2026-10-07 10:16:22,250411_142123259727.jpg,work_save,심준형,worker,DONE,WAIT,,kimchi_with_target,5
2026-10-07 10:16:28,250411_142216814830.jpg,work_save,심준형,worker,DONE,WAIT,,kimchi_with_target,5
2026-10-07 10:16:35,250411_142304725518.jpg,work_save,심준형,worker,DONE,WAIT,,kimchi_with_target,5
2026-10-07 10:16:50,250411_142354319596.jpg,work_save,심준형,worker,DONE,WAIT,,kimchi_with_target,5
2026-10-07 10:16:54,250424_165356368327.jpg,work_save,박건,worker,EDITED,WAIT,,object_only,5
2026-10-07 10:17:02,250411_151707909443.jpg,work_save,심준형,worker,DONE,WAIT,,kimchi_with_target,5
2026-10-07 10:17:10,250411_151803199511.jpg,work_save,심준형,worker,DONE,WAIT,,kimchi_with_target,5
2026-10-07 10:17:15,250411_151903234059.jpg,work_save,심준형,worker,DONE,WAIT,,kimchi_with_target,5
2026-10-07 10:17:42,250411_152011813992.jpg,work_save,심준형,worker,DONE,WAIT,,kimchi_with_target,5
2026-10-07 10:17:52,250411_152117347333.jpg,work_save,심준형,worker,DONE,WAIT,,kimchi_with_target,5
2026-10-07 10:17:58,250411_152216764651.jpg,work_save,심준형,worker,DONE,WAIT,,kimchi_with_target,5
2026-10-07 10:18:03,250411_152317457996.jpg,work_save,심준형,worker,DONE,WAIT,,kimchi_with_target,5
2026-10-07 10:18:07,250424_164608823093.jpg,work_save,박건,worker,EDITED,WAIT,,kimchi_with_target,6
2026-10-07 10:18:10,250424_165356368327.jpg,work_save,박건,worker,EDITED,WAIT,,kimchi_with_target,5
2026-10-07 10:18:11,250411_152410462673.jpg,work_save,심준형,worker,DONE,WAIT,,kimchi_with_target,5
2026-10-07 10:18:18,250411_152459280077.jpg,work_save,심준형,worker,DONE,WAIT,,kimchi_with_target,5
2026-10-07 10:19:25,250411_152549760336.jpg,work_save,심준형,worker,DONE,WAIT,,kimchi_with_target,5
2026-10-07 10:19:26,250410_152308081822.jpg,work_save,김하민,worker,DONE,WAIT,,kimchi_with_target,5
2026-10-07 10:19:30,250411_152640864385.jpg,work_save,심준형,worker,DONE,WAIT,,kimchi_with_target,5
2026-10-07 10:19:40,250411_152729639809.jpg,work_save,심준형,worker,DONE,WAIT,,kimchi_with_target,5
2026-10-07 10:19:44,250411_152918560135.jpg,work_save,심준형,worker,DONE,WAIT,,kimchi_with_target,5
2026-10-07 10:19:45,250424_164235214851.jpg,work_save,박건,worker,EDITED,WAIT,,kimchi_with_target,7
2026-10-07 10:19:53,250410_152339920357.jpg,work_save,김하민,worker,DONE,WAIT,,kimchi_with_target,5
2026-10-07 10:19:58,250411_153008984132.jpg,work_save,심준형,worker,DONE,WAIT,,kimchi_with_target,5
2026-10-07 10:20:02,250411_153105900410.jpg,work_save,심준형,worker,DONE,WAIT,,kimchi_with_target,5
2026-10-07 10:20:07,250411_153202843304.jpg,work_save,심준형,worker,DONE,WAIT,,kimchi_with_target,5
2026-10-07 10:20:09,250410_152413150828.jpg,work_save,김하민,worker,DONE,WAIT,,kimchi_with_target,5
2026-10-07 10:20:12,250411_153351252246.jpg,work_save,심준형,worker,DONE,WAIT,,kimchi_with_target,5
2026-10-07 10:20:13,250424_164139809945.jpg,work_save,박건,worker,DONE,WAIT,,kimchi_with_target,5
2026-10-07 10:20:17,250411_153708642128.jpg,work_save,심준형,worker,DONE,WAIT,,kimchi_with_target,5
2026-10-07 10:20:27,250411_153808979651.jpg,work_save,심준형,worker,DONE,WAIT,,kimchi_with_target,5
2026-10-07 10:20:29,250410_152606438450.jpg,work_save,김하민,worker,DONE,WAIT,,kimchi_with_target,5
2026-10-07 10:20:32,250424_164108548301.jpg,work_save,박건,worker,DONE,WAIT,,kimchi_with_target,5
2026-10-07 10:20:34,250411_153940519769.jpg,work_save,심준형,worker,DONE,WAIT,,kimchi_with_target,5
2026-10-07 10:20:37,250411_154031477357.jpg,work_save,심준형,worker,DONE,WAIT,,kimchi_with_target,5
2026-10-07 10:20:42,250410_152647794740.jpg,work_save,김하민,worker,DONE,WAIT,,kimchi_with_target,5
2026-10-07 10:20:44,250411_154123030062.jpg,work_save,심준형,worker,DONE,WAIT,,kimchi_with_target,5
2026-10-07 10:20:50,250410_152727057876.jpg,work_save,김하민,worker,DONE,WAIT,,kimchi_with_target,5
2026-10-07 10:21:06,250424_160514972268.jpg,work_save,박건,worker,EDITED,WAIT,,kimchi_with_target,5
2026-10-07 10:21:08,250410_152802371370.jpg,work_save,김하민,worker,DONE,WAIT,,kimchi_with_target,5
2026-10-07 10:21:14,250411_154545289934.jpg,work_save,심준형,worker,DONE,WAIT,,kimchi_with_target,5
2026-10-07 10:21:21,250410_155009160971.jpg,work_save,김하민,worker,DONE,WAIT,,kimchi_with_target,5
2026-10-07 10:21:22,250411_154632400103.jpg,work_save,심준형,worker,DONE,WAIT,,kimchi_with_target,5
2026-10-07 10:21:26,250410_155526034625.jpg,work_save,김하민,worker,DONE,WAIT,,kimchi_with_target,5
2026-10-07 10:21:26,250424_160024860603.jpg,work_save,박건,worker,DONE,WAIT,,kimchi_with_target,5
2026-10-07 10:21:31,250411_154812203890.jpg,work_save,심준형,worker,DONE,WAIT,,kimchi_with_target,5
2026-10-07 10:21:43,250411_154949761626.jpg,work_save,심준형,worker,DONE,WAIT,,kimchi_with_target,5
2026-10-07 10:21:44,250424_155903753937.jpg,work_save,박건,worker,DONE,WAIT,,kimchi_with_target,5
2026-10-07 10:21:50,250410_155601084144.jpg,work_save,김하민,worker,EDITED,WAIT,,kimchi_with_target,5
2026-10-07 10:21:59,250410_155641957140.jpg,work_save,김하민,worker,DONE,WAIT,,kimchi_with_target,5
2026-10-07 10:22:01,250411_155040808617.jpg,work_save,심준형,worker,DONE,WAIT,,kimchi_with_target,5
2026-10-07 10:22:05,250410_155826598654.jpg,work_save,김하민,worker,DONE,WAIT,,kimchi_with_target,5
2026-10-07 10:22:12,250410_155901509386.jpg,work_save,김하민,worker,DONE,WAIT,,kimchi_with_target,5
2026-10-07 10:22:14,250411_155128186558.jpg,work_save,심준형,worker,DONE,WAIT,,kimchi_with_target,5
2026-10-07 10:22:16,250424_155647704752.jpg,work_save,박건,worker,EDITED,WAIT,,kimchi_with_target,5
2026-10-07 10:22:19,250411_155257817932.jpg,work_save,심준형,worker,DONE,WAIT,,kimchi_with_target,5
2026-10-07 10:22:22,250410_160021775802.jpg,work_save,김하민,worker,DONE,WAIT,,kimchi_with_target,5
2026-10-07 10:22:27,250411_155343382262.jpg,work_save,심준형,worker,DONE,WAIT,,kimchi_with_target,6
2026-10-07 10:22:30,250410_160112679219.jpg,work_save,김하민,worker,DONE,WAIT,,kimchi_with_target,5
2026-10-07 10:22:32,250411_155428154120.jpg,work_save,심준형,worker,DONE,WAIT,,kimchi_with_target,6
2026-10-07 10:22:36,250410_165645848530.jpg,work_save,김하민,worker,DONE,WAIT,,kimchi_with_target,5
2026-10-07 10:22:37,250411_155518151067.jpg,work_save,심준형,worker,DONE,WAIT,,kimchi_with_target,5
2026-10-07 10:22:41,250411_155607936718.jpg,work_save,심준형,worker,DONE,WAIT,,kimchi_with_target,5
2026-10-07 10:22:44,250410_165759582289.jpg,work_save,김하민,worker,DONE,WAIT,,kimchi_with_target,5
2026-10-07 10:22:45,250424_155623994647.jpg,work_save,박건,worker,DONE,WAIT,,kimchi_with_target,5
2026-10-07 10:22:46,250411_155701963331.jpg,work_save,심준형,worker,DONE,WAIT,,kimchi_with_target,5
2026-10-07 10:22:52,250411_155751552207.jpg,work_save,심준형,worker,DONE,WAIT,,kimchi_with_target,5
2026-10-07 10:22:56,250424_155103672911.jpg,work_save,박건,worker,DONE,WAIT,,object_only,4
2026-10-07 10:22:57,250411_155836164875.jpg,work_save,심준형,worker,DONE,WAIT,,kimchi_with_target,5
2026-10-07 10:23:01,250410_165840226763.jpg,work_save,김하민,worker,DONE,WAIT,,kimchi_with_target,5
2026-10-07 10:23:07,250411_155922338003.jpg,work_save,심준형,worker,DONE,WAIT,,kimchi_with_target,5
2026-10-07 10:23:10,250410_165918398621.jpg,work_save,김하민,worker,DONE,WAIT,,kimchi_with_target,5
2026-10-07 10:23:11,250411_160015579183.jpg,work_save,심준형,worker,DONE,WAIT,,kimchi_with_target,5
2026-10-07 10:23:13,250424_154812782976.jpg,work_save,박건,worker,DONE,WAIT,,kimchi_with_target,5
2026-10-07 10:23:19,250411_160102367806.jpg,work_save,심준형,worker,DONE,WAIT,,kimchi_with_target,5
2026-10-07 10:23:23,250410_170124048539.jpg,work_save,김하민,worker,DONE,WAIT,,kimchi_with_target,5
2026-10-07 10:23:28,250411_160154461519.jpg,work_save,심준형,worker,DONE,WAIT,,kimchi_with_target,5
2026-10-07 10:23:33,250411_160242359691.jpg,work_save,심준형,worker,DONE,WAIT,,kimchi_with_target,5
2026-10-07 10:23:36,250410_170204849002.jpg,work_save,김하민,worker,DONE,WAIT,,kimchi_with_target,5
2026-10-07 10:23:38,250411_160457010505.jpg,work_save,심준형,worker,DONE,WAIT,,kimchi_with_target,5
2026-10-07 10:23:42,250424_154617146128.jpg,work_save,박건,worker,EDITED,WAIT,,kimchi_with_target,5
2026-10-07 10:23:45,250411_160552248555.jpg,work_save,심준형,worker,DONE,WAIT,,kimchi_with_target,5
2026-10-07 10:23:47,250424_155103672911.jpg,work_save,박건,worker,DONE,WAIT,,kimchi_with_target,4
2026-10-07 10:23:48,250410_170257620893.jpg,work_save,김하민,worker,DONE,WAIT,,kimchi_with_target,5
2026-10-07 10:23:54,250410_170345204621.jpg,work_save,김하민,worker,DONE,WAIT,,kimchi_with_target,5
2026-10-07 10:23:58,250410_170436151500.jpg,work_save,김하민,worker,DONE,WAIT,,kimchi_with_target,5
2026-10-07 10:24:12,250410_170523246924.jpg,work_save,김하민,worker,DONE,WAIT,,kimchi_with_target,5
2026-10-07 10:24:14,250424_154345201732.jpg,work_save,박건,worker,EDITED,WAIT,,kimchi_with_target,5
2026-10-07 10:24:23,250410_170605462218.jpg,work_save,김하민,worker,DONE,WAIT,,kimchi_with_target,5
2026-10-07 10:24:26,250411_160638581161.jpg,work_save,심준형,worker,DONE,WAIT,,kimchi_with_target,5
2026-10-07 10:24:32,250411_160736641056.jpg,work_save,심준형,worker,DONE,WAIT,,kimchi_with_target,5
2026-10-07 10:24:38,250410_170658904840.jpg,work_save,김하민,worker,DONE,WAIT,,kimchi_with_target,5
2026-10-07 10:24:40,250411_160944442902.jpg,work_save,심준형,worker,DONE,WAIT,,kimchi_with_target,5
2026-10-07 10:24:44,250411_161041048519.jpg,work_save,심준형,worker,DONE,WAIT,,kimchi_with_target,5
2026-10-07 10:24:48,250411_161335497942.jpg,work_save,심준형,worker,DONE,WAIT,,kimchi_with_target,5
2026-10-07 10:24:53,250411_161459121635.jpg,work_save,심준형,worker,DONE,WAIT,,kimchi_with_target,5
2026-10-07 10:24:58,250411_161601751564.jpg,work_save,심준형,worker,DONE,WAIT,,kimchi_with_target,5
2026-10-07 10:24:59,250424_153617318943.jpg,work_save,박건,worker,EDITED,WAIT,,kimchi_with_target,5
2026-10-07 10:25:04,250410_171043114194.jpg,work_save,김하민,worker,EDITED,WAIT,,kimchi_with_target,5
2026-10-07 10:25:04,250411_161718524589.jpg,work_save,심준형,worker,DONE,WAIT,,kimchi_with_target,5
2026-10-07 10:25:09,250411_161815507507.jpg,work_save,심준형,worker,DONE,WAIT,,kimchi_with_target,5
2026-10-07 10:25:14,250410_171242763678.jpg,work_save,김하민,worker,DONE,WAIT,,kimchi_with_target,5
2026-10-07 10:25:18,250411_161918392744.jpg,work_save,심준형,worker,DONE,WAIT,,kimchi_with_target,5
2026-10-07 10:25:24,250411_162212242373.jpg,work_save,심준형,worker,DONE,WAIT,,kimchi_with_target,5
2026-10-07 10:25:28,250410_171329931220.jpg,work_save,김하민,worker,DONE,WAIT,,kimchi_with_target,5
2026-10-07 10:25:29,250424_153311253394.jpg,work_save,박건,worker,EDITED,WAIT,,kimchi_with_target,6
2026-10-07 10:25:29,250411_162312139510.jpg,work_save,심준형,worker,DONE,WAIT,,kimchi_with_target,5
2026-10-07 10:25:35,250411_162447162532.jpg,work_save,심준형,worker,DONE,WAIT,,kimchi_with_target,5
2026-10-07 10:25:40,250410_171618401098.jpg,work_save,김하민,worker,DONE,WAIT,,kimchi_with_target,5
2026-10-07 10:25:41,250411_162756223396.jpg,work_save,심준형,worker,DONE,WAIT,,kimchi_with_target,5
2026-10-07 10:25:46,250410_171711703137.jpg,work_save,김하민,worker,DONE,WAIT,,kimchi_with_target,5
2026-10-07 10:25:46,250411_162929801419.jpg,work_save,심준형,worker,DONE,WAIT,,kimchi_with_target,5
2026-10-07 10:25:49,250411_163007238647.jpg,work_save,심준형,worker,DONE,WAIT,,kimchi_with_target,5
2026-10-07 10:25:54,250410_171954431319.jpg,work_save,김하민,worker,DONE,WAIT,,kimchi_with_target,5
2026-10-07 10:25:54,250424_153231474040.jpg,work_save,박건,worker,DONE,WAIT,,kimchi_with_target,5
2026-10-07 10:25:54,250411_163054857361.jpg,work_save,심준형,worker,DONE,WAIT,,kimchi_with_target,5
2026-10-07 10:25:58,250411_163141810871.jpg,work_save,심준형,worker,DONE,WAIT,,kimchi_with_target,5
2026-10-07 10:26:00,250410_172041141763.jpg,work_save,김하민,worker,DONE,WAIT,,kimchi_with_target,5
2026-10-07 10:26:03,250424_105909724238.jpg,work_save,심준형,worker,DONE,WAIT,,kimchi_with_target,5
2026-10-07 10:26:06,250424_110118712995.jpg,work_save,심준형,worker,DONE,WAIT,,kimchi_with_target,5
2026-10-07 10:26:10,250424_110200584818.jpg,work_save,심준형,worker,DONE,WAIT,,kimchi_with_target,6
2026-10-07 10:26:11,250410_172124374052.jpg,work_save,김하민,worker,DONE,WAIT,,kimchi_with_target,4
2026-10-07 10:26:14,250424_110233789711.jpg,work_save,심준형,worker,DONE,WAIT,,kimchi_with_target,5
2026-10-07 10:26:16,250410_172202967252.jpg,work_save,김하민,worker,DONE,WAIT,,kimchi_with_target,5
2026-10-07 10:26:19,250424_152915766700.jpg,work_save,박건,worker,DONE,WAIT,,kimchi_with_target,5
2026-10-07 10:26:22,250424_110456428256.jpg,work_save,심준형,worker,DONE,WAIT,,kimchi_with_target,5
2026-10-07 10:26:26,250410_172249187179.jpg,work_save,김하민,worker,DONE,WAIT,,kimchi_with_target,5
2026-10-07 10:26:27,250424_110523358494.jpg,work_save,심준형,worker,DONE,WAIT,,kimchi_with_target,5
2026-10-07 10:26:30,250424_110555963740.jpg,work_save,심준형,worker,DONE,WAIT,,kimchi_with_target,5
2026-10-07 10:26:32,250410_172509481867.jpg,work_save,김하민,worker,DONE,WAIT,,kimchi_with_target,5
2026-10-07 10:26:35,250424_110621146818.jpg,work_save,심준형,worker,DONE,WAIT,,kimchi_with_target,5
2026-10-07 10:26:42,250410_172553110670.jpg,work_save,김하민,worker,DONE,WAIT,,kimchi_with_target,5
2026-10-07 10:26:43,250424_110645745568.jpg,work_save,심준형,worker,DONE,WAIT,,kimchi_with_target,5
2026-10-07 10:26:46,250410_172731889723.jpg,work_save,김하민,worker,DONE,WAIT,,kimchi_with_target,5
2026-10-07 10:27:02,250410_172921255820.jpg,work_save,김하민,worker,DONE,WAIT,,kimchi_with_target,5
2026-10-07 10:27:17,250410_173012631688.jpg,work_save,김하민,worker,DONE,WAIT,,kimchi_with_target,5
2026-10-07 10:27:31,250424_152845371656.jpg,work_save,박건,worker,EDITED,WAIT,,kimchi_with_target,8
2026-10-07 10:27:35,250410_173104200591.jpg,work_save,김하민,worker,DONE,WAIT,,kimchi_with_target,5
2026-10-07 10:27:35,250424_110716273731.jpg,work_save,심준형,worker,EDITED,WAIT,,kimchi_with_target,7
2026-10-07 10:27:55,250410_173307709999.jpg,work_save,김하민,worker,DONE,WAIT,,kimchi_with_target,5
2026-10-07 10:28:03,250410_173355965733.jpg,work_save,김하민,worker,DONE,WAIT,,kimchi_with_target,5
2026-10-07 10:28:20,250410_173453546970.jpg,work_save,김하민,worker,EDITED,WAIT,,kimchi_with_target,5
2026-10-07 10:28:29,250424_152501766895.jpg,work_save,박건,worker,DONE,WAIT,,kimchi_with_target,5
2026-10-07 10:28:45,250424_151540089453.jpg,work_save,박건,worker,DONE,WAIT,,kimchi_with_target,5
2026-10-07 10:28:47,250410_173647327410.jpg,work_save,김하민,worker,DONE,WAIT,,kimchi_with_target,5
2026-10-07 10:28:53,250410_174241672560.jpg,work_save,김하민,worker,DONE,WAIT,,kimchi_with_target,5
2026-10-07 10:29:03,250410_174322665070.jpg,work_save,김하민,worker,DONE,WAIT,,kimchi_with_target,5
2026-10-07 10:29:14,250410_174414309990.jpg,work_save,김하민,worker,DONE,WAIT,,kimchi_with_target,5
2026-10-07 10:29:14,250424_110748018790.jpg,work_save,심준형,worker,EDITED,WAIT,,kimchi_with_target,8
2026-10-07 10:29:17,250410_174507760057.jpg,work_save,김하민,worker,DONE,WAIT,,kimchi_with_target,5
2026-10-07 10:29:19,250424_110825373075.jpg,work_save,심준형,worker,DONE,WAIT,,kimchi_with_target,6
2026-10-07 10:29:24,250424_110907410038.jpg,work_save,심준형,worker,DONE,WAIT,,kimchi_with_target,5
2026-10-07 10:29:28,250410_174607125731.jpg,work_save,김하민,worker,DONE,WAIT,,kimchi_with_target,5
2026-10-07 10:29:28,250424_110954320748.jpg,work_save,심준형,worker,DONE,WAIT,,kimchi_with_target,5
2026-10-07 10:29:32,250410_174656591360.jpg,work_save,김하민,worker,DONE,WAIT,,kimchi_with_target,5
2026-10-07 10:29:32,250424_151403291574.jpg,work_save,박건,worker,EDITED,WAIT,,kimchi_with_target,5
2026-10-07 10:29:33,250424_111020116028.jpg,work_save,심준형,worker,DONE,WAIT,,kimchi_with_target,8
2026-10-07 10:29:42,250410_174748966576.jpg,work_save,김하민,worker,DONE,WAIT,,kimchi_with_target,5
2026-10-07 10:29:46,250410_174844662623.jpg,work_save,김하민,worker,DONE,WAIT,,kimchi_with_target,5
2026-10-07 10:29:55,250410_175036549862.jpg,work_save,김하민,worker,DONE,WAIT,,kimchi_with_target,5
2026-10-07 10:30:00,250410_175222116316.jpg,work_save,김하민,worker,DONE,WAIT,,kimchi_with_target,5
2026-10-07 10:30:04,250410_175401330493.jpg,work_save,김하민,worker,DONE,WAIT,,kimchi_with_target,5
2026-10-07 10:30:08,250410_175444219123.jpg,work_save,김하민,worker,DONE,WAIT,,kimchi_with_target,5
2026-10-07 10:30:12,250410_175705326258.jpg,work_save,김하민,worker,DONE,WAIT,,kimchi_with_target,5
2026-10-07 10:30:16,250410_175444219123.jpg,work_save,김하민,worker,DONE,WAIT,,kimchi_with_target,5
2026-10-07 10:30:23,250410_175705326258.jpg,work_save,김하민,worker,DONE,WAIT,,kimchi_with_target,5
2026-10-07 10:30:34,250410_175800961256.jpg,work_save,김하민,worker,DONE,WAIT,,kimchi_with_target,5
2026-10-07 10:30:40,250410_175933697183.jpg,work_save,김하민,worker,DONE,WAIT,,kimchi_with_target,5
2026-10-07 10:30:43,250410_180203619316.jpg,work_save,김하민,worker,DONE,WAIT,,kimchi_with_target,5
2026-10-07 10:30:51,250424_151011160174.jpg,work_save,박건,worker,EDITED,WAIT,,kimchi_with_target,8
2026-10-07 10:30:56,250410_180417359391.jpg,work_save,김하민,worker,DONE,WAIT,,kimchi_with_target,5
2026-10-07 10:31:18,250424_150822430768.jpg,work_save,박건,worker,DONE,WAIT,,kimchi_with_target,6
2026-10-07 10:31:19,250410_180500624542.jpg,work_save,김하민,worker,DONE,WAIT,,kimchi_with_target,5
2026-10-07 10:31:28,250410_180642000478.jpg,work_save,김하민,worker,DONE,WAIT,,kimchi_with_target,5
2026-10-07 10:31:30,250424_111201206403.jpg,work_save,심준형,worker,DONE,WAIT,,kimchi_with_target,7
2026-10-07 10:31:40,250424_111226617441.jpg,work_save,심준형,worker,DONE,WAIT,,kimchi_with_target,6
2026-10-07 10:31:44,250424_111302561521.jpg,work_save,심준형,worker,DONE,WAIT,,kimchi_with_target,6
2026-10-07 10:31:47,250424_111415135407.jpg,work_save,심준형,worker,DONE,WAIT,,kimchi_with_target,5
2026-10-07 10:31:51,250424_111454886462.jpg,work_save,심준형,worker,DONE,WAIT,,kimchi_with_target,7
2026-10-07 10:31:52,250424_150657426032.jpg,work_save,박건,worker,EDITED,WAIT,,kimchi_with_target,7
2026-10-07 10:31:57,250424_111525566429.jpg,work_save,심준형,worker,DONE,WAIT,,kimchi_with_target,6
2026-10-07 10:32:01,250424_111555047880.jpg,work_save,심준형,worker,DONE,WAIT,,kimchi_with_target,5
2026-10-07 10:32:06,250410_180721146468.jpg,work_save,김하민,worker,REVIEW,WAIT,class_ambiguous,kimchi_with_target,6
2026-10-07 10:32:08,250424_150428766903.jpg,work_save,박건,worker,DONE,WAIT,,kimchi_with_target,6
2026-10-07 10:32:09,250424_111632364928.jpg,work_save,심준형,worker,DONE,WAIT,,kimchi_with_target,6
2026-10-07 10:32:10,250410_180800068444.jpg,work_save,김하민,worker,DONE,WAIT,,kimchi_with_target,5
2026-10-07 10:32:13,250424_111713850672.jpg,work_save,심준형,worker,DONE,WAIT,,kimchi_with_target,5
2026-10-07 10:32:17,250410_180838247546.jpg,work_save,김하민,worker,DONE,WAIT,,kimchi_with_target,5
2026-10-07 10:32:25,250410_180910324799.jpg,work_save,김하민,worker,DONE,WAIT,,kimchi_with_target,5
2026-10-07 10:32:27,250424_111810266612.jpg,work_save,심준형,worker,EDITED,WAIT,,kimchi_with_target,6
2026-10-07 10:32:32,250410_181045535509.jpg,work_save,김하민,worker,DONE,WAIT,,kimchi_with_target,5
2026-10-07 10:32:33,250424_111900294585.jpg,work_save,심준형,worker,DONE,WAIT,,kimchi_with_target,5
2026-10-07 10:32:37,250410_181140480178.jpg,work_save,김하민,worker,DONE,WAIT,,kimchi_with_target,5
2026-10-07 10:32:37,250424_111931005322.jpg,work_save,심준형,worker,DONE,WAIT,,kimchi_with_target,5
2026-10-07 10:32:40,250424_112004831679.jpg,work_save,심준형,worker,DONE,WAIT,,kimchi_with_target,7
2026-10-07 10:32:41,250410_181223026123.jpg,work_save,김하민,worker,DONE,WAIT,,kimchi_with_target,5
2026-10-07 10:32:47,250424_112034421928.jpg,work_save,심준형,worker,DONE,WAIT,,kimchi_with_target,8
2026-10-07 10:32:52,250424_150358295363.jpg,work_save,박건,worker,EDITED,WAIT,,kimchi_with_target,7
2026-10-07 10:33:00,250424_112106131252.jpg,work_save,심준형,worker,DONE,WAIT,,kimchi_with_target,7
2026-10-07 10:33:01,250410_180721146468.jpg,work_save,김하민,worker,REVIEW,WAIT,class_ambiguous,kimchi_with_target,6
2026-10-07 10:33:11,250410_181352268335.jpg,work_save,김하민,worker,DONE,WAIT,,kimchi_with_target,5
2026-10-07 10:33:18,250410_181650625647.jpg,work_save,김하민,worker,DONE,WAIT,,kimchi_with_target,5
2026-10-07 10:33:21,250424_112139655659.jpg,work_save,심준형,worker,EDITED,WAIT,,kimchi_with_target,7
2026-10-07 10:33:22,250410_181811462137.jpg,work_save,김하민,worker,DONE,WAIT,,kimchi_with_target,5
2026-10-07 10:33:29,250424_143454496733.jpg,work_save,박건,worker,EDITED,WAIT,,kimchi_with_target,6
2026-10-07 10:33:30,250424_112224118014.jpg,work_save,심준형,worker,DONE,WAIT,,kimchi_with_target,5
2026-10-07 10:33:34,250410_182251586507.jpg,work_save,김하민,worker,DONE,WAIT,,kimchi_with_target,5
2026-10-07 10:33:42,250424_112343085390.jpg,work_save,심준형,worker,DONE,WAIT,,kimchi_with_target,7
2026-10-07 10:33:44,250424_143312128093.jpg,work_save,박건,worker,EDITED,WAIT,,kimchi_with_target,7
2026-10-07 10:33:48,250410_182340189473.jpg,work_save,김하민,worker,EDITED,WAIT,,kimchi_with_target,5
2026-10-07 10:33:48,250424_112408452967.jpg,work_save,심준형,worker,DONE,WAIT,,kimchi_with_target,6
2026-10-07 10:33:53,250410_182427975624.jpg,work_save,김하민,worker,DONE,WAIT,,kimchi_with_target,5
2026-10-07 10:33:53,250424_112445358653.jpg,work_save,심준형,worker,DONE,WAIT,,kimchi_with_target,6
2026-10-07 10:33:56,250424_143312128093.jpg,work_save,박건,worker,EDITED,WAIT,,kimchi_with_target,7
2026-10-07 10:33:59,250424_112626180721.jpg,work_save,심준형,worker,DONE,WAIT,,kimchi_with_target,5
2026-10-07 10:34:02,250410_182623838600.jpg,work_save,김하민,worker,DONE,WAIT,,kimchi_with_target,5
2026-10-07 10:34:04,250424_112818764337.jpg,work_save,심준형,worker,DONE,WAIT,,kimchi_with_target,5
2026-10-07 10:34:07,250410_182706284064.jpg,work_save,김하민,worker,DONE,WAIT,,kimchi_with_target,5
2026-10-07 10:34:08,250424_112841184247.jpg,work_save,심준형,worker,DONE,WAIT,,kimchi_with_target,5
2026-10-07 10:34:12,250410_182749738751.jpg,work_save,김하민,worker,DONE,WAIT,,kimchi_with_target,5
2026-10-07 10:34:26,250411_092511506342.jpg,work_save,김하민,worker,DONE,WAIT,,kimchi_with_target,5
2026-10-07 10:34:27,250424_112924042782.jpg,work_save,심준형,worker,DONE,WAIT,,kimchi_with_target,7
2026-10-07 10:34:29,250424_141906362111.jpg,work_save,박건,worker,EDITED,WAIT,,kimchi_with_target,5
2026-10-07 10:34:35,250411_092851295826.jpg,work_save,김하민,worker,DONE,WAIT,,kimchi_with_target,5
2026-10-07 10:34:41,250411_092955630580.jpg,work_save,김하민,worker,DONE,WAIT,,kimchi_with_target,5
2026-10-07 10:34:56,250424_141117326057.jpg,work_save,박건,worker,DONE,WAIT,,kimchi_with_target,5
2026-10-07 10:34:59,250411_093403074817.jpg,work_save,김하민,worker,DONE,WAIT,,kimchi_with_target,5
2026-10-07 10:35:08,250411_093439164001.jpg,work_save,김하민,worker,DONE,WAIT,,kimchi_with_target,5
2026-10-07 10:35:21,250411_093616913584.jpg,work_save,김하민,worker,DONE,WAIT,,kimchi_with_target,5
2026-10-07 10:35:23,250424_141046132793.jpg,work_save,박건,worker,EDITED,WAIT,,kimchi_with_target,8
2026-10-07 10:35:32,250411_093700427956.jpg,work_save,김하민,worker,DONE,WAIT,,kimchi_with_target,5
2026-10-07 10:35:38,250411_093822949037.jpg,work_save,김하민,worker,DONE,WAIT,,kimchi_with_target,5
2026-10-07 10:35:44,250424_114506760277.jpg,work_save,심준형,worker,EDITED,WAIT,,kimchi_with_target,7
2026-10-07 10:35:51,250424_141008289141.jpg,work_save,박건,worker,DONE,WAIT,,kimchi_with_target,5
2026-10-07 10:36:07,250411_093901909722.jpg,work_save,김하민,worker,EDITED,WAIT,,kimchi_with_target,6
2026-10-07 10:36:15,250411_093947029472.jpg,work_save,김하민,worker,DONE,WAIT,,kimchi_with_target,5
2026-10-07 10:36:17,250424_140927386469.jpg,work_save,박건,worker,EDITED,WAIT,,kimchi_with_target,6
2026-10-07 10:36:27,250411_094027390387.jpg,work_save,김하민,worker,DONE,WAIT,,kimchi_with_target,5
2026-10-07 10:36:36,250411_094117478009.jpg,work_save,김하민,worker,DONE,WAIT,,kimchi_with_target,5
2026-10-07 10:36:47,250424_140147957962.jpg,work_save,박건,worker,EDITED,WAIT,,kimchi_with_target,8
2026-10-07 10:36:48,250411_094117478009.jpg,work_save,김하민,worker,DONE,WAIT,,kimchi_with_target,5
2026-10-07 10:37:01,250411_094214912155.jpg,work_save,김하민,worker,DONE,WAIT,,kimchi_with_target,5
2026-10-07 10:37:06,250411_094354631616.jpg,work_save,김하민,worker,DONE,WAIT,,kimchi_with_target,5
2026-10-07 10:37:19,250424_135437428949.jpg,work_save,박건,worker,DONE,WAIT,,kimchi_with_target,5
2026-10-07 10:37:26,250424_114610718081.jpg,work_save,심준형,worker,EDITED,WAIT,,kimchi_with_target,6
2026-10-07 10:37:36,250424_114647549614.jpg,work_save,심준형,worker,DONE,WAIT,,kimchi_with_target,5
2026-10-07 10:37:41,250424_114709957499.jpg,work_save,심준형,worker,DONE,WAIT,,kimchi_with_target,5
2026-10-07 10:37:45,250411_094447587115.jpg,work_save,김하민,worker,EDITED,WAIT,,kimchi_with_target,6
2026-10-07 10:37:57,250424_135228979866.jpg,work_save,박건,worker,EDITED,WAIT,,kimchi_with_target,6
2026-10-07 10:38:17,250411_094548003041.jpg,work_save,김하민,worker,DONE,WAIT,,kimchi_with_target,5
2026-10-07 10:38:36,250411_095020396284.jpg,work_save,김하민,worker,DONE,WAIT,,kimchi_with_target,5
2026-10-07 10:38:59,250411_095114999624.jpg,work_save,김하민,worker,DONE,WAIT,,kimchi_with_target,5
2026-10-07 10:39:11,250424_114731998378.jpg,work_save,심준형,worker,EDITED,WAIT,,kimchi_with_target,6
2026-10-07 10:39:18,250411_095211804856.jpg,work_save,김하민,worker,DONE,WAIT,,kimchi_with_target,5
2026-10-07 10:39:21,250424_114834243086.jpg,work_save,심준형,worker,DONE,WAIT,,kimchi_with_target,5
2026-10-07 10:39:27,250424_114911512397.jpg,work_save,심준형,worker,DONE,WAIT,,kimchi_with_target,6
2026-10-07 10:39:32,250424_114929077449.jpg,work_save,심준형,worker,DONE,WAIT,,kimchi_with_target,5
2026-10-07 10:39:37,250411_095307375377.jpg,work_save,김하민,worker,DONE,WAIT,,kimchi_with_target,5
2026-10-07 10:39:37,250424_114951512715.jpg,work_save,심준형,worker,DONE,WAIT,,kimchi_with_target,6
2026-10-07 10:39:40,250424_115021023301.jpg,work_save,심준형,worker,DONE,WAIT,,kimchi_with_target,5
2026-10-07 10:39:50,250424_115042694119.jpg,work_save,심준형,worker,DONE,WAIT,,kimchi_with_target,5
2026-10-07 10:40:01,250424_115104493302.jpg,work_save,심준형,worker,DONE,WAIT,,kimchi_with_target,6
2026-10-07 10:40:07,250424_115126242024.jpg,work_save,심준형,worker,DONE,WAIT,,kimchi_with_target,5
2026-10-07 10:40:13,250411_095447313719.jpg,work_save,김하민,worker,EDITED,WAIT,,kimchi_with_target,6
2026-10-07 10:40:13,250424_115154083033.jpg,work_save,심준형,worker,DONE,WAIT,,kimchi_with_target,5
2026-10-07 10:40:17,250424_115215894054.jpg,work_save,심준형,worker,DONE,WAIT,,kimchi_with_target,5
2026-10-07 10:40:21,250410_181914413029.jpg,work_save,박건,worker,EDITED,WAIT,,kimchi_with_target,6
2026-10-07 10:40:26,250424_115252382931.jpg,work_save,심준형,worker,DONE,WAIT,,kimchi_with_target,6
2026-10-07 10:40:34,250424_115322964196.jpg,work_save,심준형,worker,DONE,WAIT,,kimchi_with_target,7
2026-10-07 10:40:36,250411_095542189491.jpg,work_save,김하민,worker,DONE,WAIT,,kimchi_with_target,5
2026-10-07 10:40:40,250424_115344852900.jpg,work_save,심준형,worker,DONE,WAIT,,kimchi_with_target,7
2026-10-07 10:40:46,250424_115411440722.jpg,work_save,심준형,worker,DONE,WAIT,,kimchi_with_target,5
2026-10-07 10:40:48,250411_095626998091.jpg,work_save,김하민,worker,DONE,WAIT,,kimchi_with_target,5
2026-10-07 10:40:50,250424_115429203755.jpg,work_save,심준형,worker,DONE,WAIT,,kimchi_with_target,5
2026-10-07 10:40:54,250424_115451303584.jpg,work_save,심준형,worker,DONE,WAIT,,kimchi_with_target,6
2026-10-07 10:40:55,250411_095715404683.jpg,work_save,김하민,worker,DONE,WAIT,,kimchi_with_target,5
2026-10-07 10:40:59,250424_131214458981.jpg,work_save,심준형,worker,DONE,WAIT,,kimchi_with_target,5
2026-10-07 10:41:05,250424_134711838797.jpg,work_save,박건,worker,EDITED,WAIT,,kimchi_with_target,6
2026-10-07 10:41:06,250424_131237407672.jpg,work_save,심준형,worker,DONE,WAIT,,kimchi_with_target,5
2026-10-07 10:41:11,250424_131333355993.jpg,work_save,심준형,worker,DONE,WAIT,,kimchi_with_target,7
2026-10-07 10:41:16,250424_131408934842.jpg,work_save,심준형,worker,DONE,WAIT,,kimchi_with_target,5
2026-10-07 10:41:20,250411_095802178687.jpg,work_save,김하민,worker,DONE,WAIT,,kimchi_with_target,5
2026-10-07 10:41:23,250424_131628719461.jpg,work_save,심준형,worker,DONE,WAIT,,kimchi_with_target,5
2026-10-07 10:41:30,250424_131652631597.jpg,work_save,심준형,worker,DONE,WAIT,,kimchi_with_target,6
2026-10-07 10:41:40,250411_095845387065.jpg,work_save,김하민,worker,EDITED,WAIT,,kimchi_with_target,6
2026-10-07 10:41:44,250424_131717240598.jpg,work_save,심준형,worker,DONE,WAIT,,kimchi_with_target,7
2026-10-07 10:41:46,250411_100024779062.jpg,work_save,김하민,worker,DONE,WAIT,,kimchi_with_target,5
2026-10-07 10:41:49,250424_131814741865.jpg,work_save,심준형,worker,DONE,WAIT,,kimchi_with_target,6
2026-10-07 10:41:53,250424_134609468397.jpg,work_save,박건,worker,EDITED,WAIT,,kimchi_with_target,5
2026-10-07 10:41:54,250424_131847882251.jpg,work_save,심준형,worker,DONE,WAIT,,kimchi_with_target,5
2026-10-07 10:41:59,250424_131927234268.jpg,work_save,심준형,worker,DONE,WAIT,,kimchi_with_target,5
2026-10-07 10:42:03,250424_132230751822.jpg,work_save,심준형,worker,DONE,WAIT,,kimchi_with_target,5
2026-10-07 10:42:12,250424_132300685668.jpg,work_save,심준형,worker,DONE,WAIT,,kimchi_with_target,5
2026-10-07 10:42:18,250411_100114230398.jpg,work_save,김하민,worker,DONE,WAIT,,kimchi_with_target,5
2026-10-07 10:42:18,250424_132322938300.jpg,work_save,심준형,worker,DONE,WAIT,,kimchi_with_target,6
2026-10-07 10:42:19,250424_134528641228.jpg,work_save,박건,worker,DONE,WAIT,,kimchi_with_target,6
2026-10-07 10:42:31,250411_100243218238.jpg,work_save,김하민,worker,DONE,WAIT,,kimchi_with_target,5
2026-10-07 10:42:32,250424_133822721787.jpg,work_save,박건,worker,DONE,WAIT,,kimchi_with_target,7
2026-10-07 10:42:32,250424_132349669195.jpg,work_save,심준형,worker,DONE,WAIT,,kimchi_with_target,6
2026-10-07 10:42:42,250411_100327766278.jpg,work_save,김하민,worker,DONE,WAIT,,kimchi_with_target,5
2026-10-07 10:42:45,250424_132551814312.jpg,work_save,심준형,worker,DONE,WAIT,,kimchi_with_target,5
2026-10-07 10:42:50,250424_133601135830.jpg,work_save,박건,worker,EDITED,WAIT,,kimchi_with_target,5
2026-10-07 10:42:51,250424_132624325595.jpg,work_save,심준형,worker,DONE,WAIT,,kimchi_with_target,7
2026-10-07 10:43:01,250424_132651301309.jpg,work_save,심준형,worker,DONE,WAIT,,kimchi_with_target,7
2026-10-07 10:43:03,250411_100413893857.jpg,work_save,김하민,worker,DONE,WAIT,,kimchi_with_target,5
2026-10-07 10:43:06,250424_132732143495.jpg,work_save,심준형,worker,DONE,WAIT,,kimchi_with_target,5
2026-10-07 10:43:11,250424_132758494169.jpg,work_save,심준형,worker,DONE,WAIT,,kimchi_with_target,6
2026-10-07 10:43:19,250424_133043450183.jpg,work_save,심준형,worker,DONE,WAIT,,kimchi_with_target,5
2026-10-07 10:43:24,250411_100456783421.jpg,work_save,김하민,worker,DONE,WAIT,,kimchi_with_target,5
2026-10-07 10:43:27,250424_133503096161.jpg,work_save,박건,worker,EDITED,WAIT,,kimchi_with_target,7
2026-10-07 10:43:36,250424_133117662886.jpg,work_save,심준형,worker,DONE,WAIT,,kimchi_with_target,5
2026-10-07 10:43:37,250411_100540938085.jpg,work_save,김하민,worker,DONE,WAIT,,kimchi_with_target,5
2026-10-07 10:43:40,250411_100623192554.jpg,work_save,김하민,worker,DONE,WAIT,,kimchi_with_target,5
2026-10-07 10:43:42,250424_133202379766.jpg,work_save,심준형,worker,DONE,WAIT,,kimchi_with_target,6
2026-10-07 10:43:49,250424_133236037318.jpg,work_save,심준형,worker,DONE,WAIT,,kimchi_with_target,5
2026-10-07 10:43:55,250424_133306190678.jpg,work_save,심준형,worker,DONE,WAIT,,kimchi_with_target,5
2026-10-07 10:43:57,250424_133425417139.jpg,work_save,박건,worker,DONE,WAIT,,kimchi_with_target,6
2026-10-07 10:44:03,250411_100709985238.jpg,work_save,김하민,worker,DONE,WAIT,,kimchi_with_target,5
2026-10-07 10:44:04,250424_133336623350.jpg,work_save,심준형,worker,DONE,WAIT,,kimchi_with_target,6
2026-10-07 10:44:11,250411_100751575116.jpg,work_save,김하민,worker,DONE,WAIT,,kimchi_with_target,5
2026-10-07 10:44:15,250424_133357022002.jpg,work_save,심준형,worker,DONE,WAIT,,kimchi_with_target,5
2026-10-07 10:44:20,250424_133529972703.jpg,work_save,심준형,worker,DONE,WAIT,,kimchi_with_target,7
2026-10-07 10:44:25,250424_133629807292.jpg,work_save,심준형,worker,DONE,WAIT,,kimchi_with_target,6
2026-10-07 10:44:29,250424_132417140373.jpg,work_save,박건,worker,DONE,WAIT,,kimchi_with_target,5
2026-10-07 10:44:32,250424_133656915044.jpg,work_save,심준형,worker,DONE,WAIT,,kimchi_with_target,6
2026-10-07 10:44:42,250424_133722168136.jpg,work_save,심준형,worker,DONE,WAIT,,kimchi_with_target,6
2026-10-07 10:44:43,250411_100841614300.jpg,work_save,김하민,worker,DONE,WAIT,,kimchi_with_target,5
2026-10-07 10:44:52,250424_133746717037.jpg,work_save,심준형,worker,DONE,WAIT,,kimchi_with_target,8
2026-10-07 10:45:00,250411_104332904696.jpg,work_save,김하민,worker,DONE,WAIT,,kimchi_with_target,5
2026-10-07 10:45:07,250424_133848190733.jpg,work_save,심준형,worker,DONE,WAIT,,kimchi_with_target,5
2026-10-07 10:45:09,250411_104451670998.jpg,work_save,김하민,worker,DONE,WAIT,,kimchi_with_target,4
2026-10-07 10:45:13,250424_131740237196.jpg,work_save,박건,worker,EDITED,WAIT,,kimchi_with_target,7
2026-10-07 10:45:15,250424_133917633597.jpg,work_save,심준형,worker,DONE,WAIT,,kimchi_with_target,6
2026-10-07 10:45:16,250411_104529041399.jpg,work_save,김하민,worker,DONE,WAIT,,kimchi_with_target,5
2026-10-07 10:45:22,250424_133952219104.jpg,work_save,심준형,worker,DONE,WAIT,,kimchi_with_target,5
2026-10-07 10:45:27,250424_134022709122.jpg,work_save,심준형,worker,DONE,WAIT,,kimchi_with_target,6
2026-10-07 10:45:28,250411_104605859828.jpg,work_save,김하민,worker,DONE,WAIT,,kimchi_with_target,5
2026-10-07 10:45:31,250424_134045604000.jpg,work_save,심준형,worker,DONE,WAIT,,kimchi_with_target,6
2026-10-07 10:45:34,250411_104639578731.jpg,work_save,김하민,worker,DONE,WAIT,,kimchi_with_target,5
2026-10-07 10:45:40,250424_131605365916.jpg,work_save,박건,worker,DONE,WAIT,,kimchi_with_target,6
2026-10-07 10:45:43,250411_104754825896.jpg,work_save,김하민,worker,DONE,WAIT,,kimchi_with_target,5
2026-10-07 10:45:51,250411_104839535885.jpg,work_save,김하민,worker,DONE,WAIT,,kimchi_with_target,5
2026-10-07 10:46:01,250424_131537176736.jpg,work_save,박건,worker,EDITED,WAIT,,kimchi_with_target,6
2026-10-07 10:46:11,250424_131447980205.jpg,work_save,박건,worker,DONE,WAIT,,kimchi_with_target,6
2026-10-07 10:46:13,250411_104919108350.jpg,work_save,김하민,worker,DONE,WAIT,,kimchi_with_target,5
2026-10-07 10:46:22,250411_105029820007.jpg,work_save,김하민,worker,DONE,WAIT,,kimchi_with_target,5
2026-10-07 10:46:31,250424_134108731645.jpg,work_save,심준형,worker,EDITED,WAIT,,kimchi_with_target,6
2026-10-07 10:46:35,250424_131300572776.jpg,work_save,박건,worker,EDITED,WAIT,,kimchi_with_target,6
2026-10-07 10:46:42,250424_134126674217.jpg,work_save,심준형,worker,DONE,WAIT,,kimchi_with_target,5
2026-10-07 10:46:52,250424_134151883902.jpg,work_save,심준형,worker,DONE,WAIT,,kimchi_with_target,5
2026-10-07 10:46:54,250411_105105168397.jpg,work_save,김하민,worker,DONE,WAIT,,kimchi_with_target,5
2026-10-07 10:46:56,250424_134225907817.jpg,work_save,심준형,worker,DONE,WAIT,,kimchi_with_target,5
2026-10-07 10:47:07,250411_105141558000.jpg,work_save,김하민,worker,DONE,WAIT,,kimchi_with_target,5
2026-10-07 10:47:11,250424_131300572776.jpg,work_save,박건,worker,EDITED,WAIT,,kimchi_with_target,6
2026-10-07 10:47:11,250424_134312393649.jpg,work_save,심준형,worker,DONE,WAIT,,kimchi_with_target,5
2026-10-07 10:47:16,250411_105218591549.jpg,work_save,김하민,worker,DONE,WAIT,,kimchi_with_target,5
2026-10-07 10:47:18,250424_134338803481.jpg,work_save,심준형,worker,DONE,WAIT,,kimchi_with_target,7
2026-10-07 10:47:23,250411_105254272584.jpg,work_save,김하민,worker,DONE,WAIT,,kimchi_with_target,5
2026-10-07 10:47:27,250411_105330424099.jpg,work_save,김하민,worker,DONE,WAIT,,kimchi_with_target,5
2026-10-07 10:47:29,250411_105411000658.jpg,work_save,김하민,worker,DONE,WAIT,,kimchi_with_target,5
2026-10-07 10:47:29,250424_134406959434.jpg,work_save,심준형,worker,DONE,WAIT,,kimchi_with_target,6
2026-10-07 10:47:34,250424_114752056861.jpg,work_save,박건,worker,DONE,WAIT,,kimchi_with_target,5
2026-10-07 10:47:36,250424_134458172998.jpg,work_save,심준형,worker,DONE,WAIT,,kimchi_with_target,6
2026-10-07 10:47:43,250411_105453593325.jpg,work_save,김하민,worker,DONE,WAIT,,kimchi_with_target,5
2026-10-07 10:47:43,250424_134638430765.jpg,work_save,심준형,worker,DONE,WAIT,,kimchi_with_target,6
2026-10-07 10:47:52,250424_134742403318.jpg,work_save,심준형,worker,DONE,WAIT,,kimchi_with_target,6
2026-10-07 10:48:03,250424_114541448139.jpg,work_save,박건,worker,EDITED,WAIT,,kimchi_with_target,6
2026-10-07 10:48:05,250424_134810265899.jpg,work_save,심준형,worker,DONE,WAIT,,kimchi_with_target,7
2026-10-07 10:48:14,250424_135259190207.jpg,work_save,심준형,worker,DONE,WAIT,,kimchi_with_target,6
2026-10-07 10:48:17,250411_105617386414.jpg,work_save,김하민,worker,EDITED,WAIT,,kimchi_with_target,5
2026-10-07 10:48:20,250424_114427299303.jpg,work_save,박건,worker,DONE,WAIT,,kimchi_with_target,5
2026-10-07 10:48:24,250424_135403978558.jpg,work_save,심준형,worker,DONE,WAIT,,kimchi_with_target,6
2026-10-07 10:48:26,250411_105659553370.jpg,work_save,김하민,worker,DONE,WAIT,,kimchi_with_target,5
2026-10-07 10:48:29,250424_135501509505.jpg,work_save,심준형,worker,DONE,WAIT,,kimchi_with_target,5
2026-10-07 10:48:31,250411_105736419426.jpg,work_save,김하민,worker,DONE,WAIT,,kimchi_with_target,5
2026-10-07 10:48:37,250424_135531230106.jpg,work_save,심준형,worker,DONE,WAIT,,kimchi_with_target,5
2026-10-07 10:48:42,250411_105818677104.jpg,work_save,김하민,worker,DONE,WAIT,,kimchi_with_target,5
2026-10-07 10:48:42,250424_135619213899.jpg,work_save,심준형,worker,DONE,WAIT,,kimchi_with_target,6
2026-10-07 10:48:48,250411_105859449687.jpg,work_save,김하민,worker,DONE,WAIT,,kimchi_with_target,5
2026-10-07 10:48:48,250424_135655980687.jpg,work_save,심준형,worker,DONE,WAIT,,kimchi_with_target,6
2026-10-07 10:48:53,250424_114354919791.jpg,work_save,박건,worker,EDITED,WAIT,,kimchi_with_target,8
2026-10-07 10:48:56,250411_105944783561.jpg,work_save,김하민,worker,DONE,WAIT,,kimchi_with_target,5
2026-10-07 10:48:59,250424_135732439823.jpg,work_save,심준형,worker,DONE,WAIT,,kimchi_with_target,6
2026-10-07 10:49:04,250411_110128241504.jpg,work_save,김하민,worker,DONE,WAIT,,kimchi_with_target,5
2026-10-07 10:49:13,250411_110216046156.jpg,work_save,김하민,worker,DONE,WAIT,,kimchi_with_target,5
2026-10-07 10:49:13,250424_135756404426.jpg,work_save,심준형,worker,DONE,WAIT,,kimchi_with_target,8
2026-10-07 10:49:19,250411_110315830870.jpg,work_save,김하민,worker,DONE,WAIT,,kimchi_with_target,5
2026-10-07 10:49:24,250411_110403647899.jpg,work_save,김하민,worker,DONE,WAIT,,kimchi_with_target,5
2026-10-07 10:49:30,250411_110445062074.jpg,work_save,김하민,worker,DONE,WAIT,,kimchi_with_target,5
2026-10-07 10:49:48,250424_113017660157.jpg,work_save,박건,worker,EDITED,WAIT,,kimchi_with_target,7
2026-10-07 10:49:49,250411_110528408973.jpg,work_save,김하민,worker,EDITED,WAIT,,kimchi_with_target,5
2026-10-07 10:50:01,250411_110621247330.jpg,work_save,김하민,worker,DONE,WAIT,,kimchi_with_target,5
2026-10-07 10:50:15,250411_110708889349.jpg,work_save,김하민,worker,DONE,WAIT,,kimchi_with_target,5
2026-10-07 10:50:16,250424_112714928952.jpg,work_save,박건,worker,EDITED,WAIT,,kimchi_with_target,6
2026-10-07 10:50:27,250411_110752793773.jpg,work_save,김하민,worker,DONE,WAIT,,kimchi_with_target,5
2026-10-07 10:52:27,250424_135855115910.jpg,work_save,심준형,worker,REVIEW,WAIT,too_small_to_identify,kimchi_with_target,6
2026-10-07 10:52:38,250424_135944045455.jpg,work_save,심준형,worker,DONE,WAIT,,kimchi_with_target,6
2026-10-07 10:53:44,250424_140037360411.jpg,work_save,심준형,worker,EDITED,WAIT,,kimchi_with_target,7
2026-10-07 10:53:49,250424_140115786154.jpg,work_save,심준형,worker,DONE,WAIT,,kimchi_with_target,8
2026-10-07 10:53:53,250424_140721608012.jpg,work_save,심준형,worker,DONE,WAIT,,kimchi_with_target,5
2026-10-07 10:53:58,250424_140751922758.jpg,work_save,심준형,worker,DONE,WAIT,,kimchi_with_target,6
2026-10-07 10:54:01,250424_140827554248.jpg,work_save,심준형,worker,DONE,WAIT,,kimchi_with_target,5
2026-10-07 10:54:06,250424_141205147850.jpg,work_save,심준형,worker,DONE,WAIT,,kimchi_with_target,5
2026-10-07 10:54:20,250424_141236657334.jpg,work_save,심준형,worker,DONE,WAIT,,kimchi_with_target,7
2026-10-07 10:54:26,250424_141311988574.jpg,work_save,심준형,worker,DONE,WAIT,,kimchi_with_target,4
2026-10-07 10:54:33,250424_141347737368.jpg,work_save,심준형,worker,DONE,WAIT,,kimchi_with_target,6
2026-10-07 10:54:38,250424_141414962071.jpg,work_save,심준형,worker,DONE,WAIT,,kimchi_with_target,6
2026-10-07 10:54:43,250424_141451512347.jpg,work_save,심준형,worker,DONE,WAIT,,kimchi_with_target,5
2026-10-07 10:54:54,250424_141518822839.jpg,work_save,심준형,worker,DONE,WAIT,,kimchi_with_target,5
2026-10-07 10:54:59,250424_141556763818.jpg,work_save,심준형,worker,DONE,WAIT,,kimchi_with_target,6
2026-10-07 10:55:04,250424_141625234055.jpg,work_save,심준형,worker,DONE,WAIT,,kimchi_with_target,5
2026-10-07 10:55:14,250424_141652963394.jpg,work_save,심준형,worker,DONE,WAIT,,kimchi_with_target,6
2026-10-07 10:55:25,250424_141749469834.jpg,work_save,심준형,worker,DONE,WAIT,,kimchi_with_target,5
2026-10-07 10:55:30,250424_141831775241.jpg,work_save,심준형,worker,DONE,WAIT,,kimchi_with_target,5
2026-10-07 10:56:30,250411_110912420662.jpg,work_save,김하민,worker,DONE,WAIT,,kimchi_with_target,5
2026-10-07 10:57:03,250424_112553658191.jpg,work_save,박건,worker,DONE,WAIT,,kimchi_with_target,5
2026-10-07 10:57:21,250424_112520861551.jpg,work_save,박건,worker,DONE,WAIT,,kimchi_with_target,5
2026-10-07 10:57:39,250424_141936963734.jpg,work_save,심준형,worker,EDITED,WAIT,,kimchi_with_target,6
2026-10-07 10:57:45,250424_142024804916.jpg,work_save,심준형,worker,DONE,WAIT,,kimchi_with_target,5
2026-10-07 10:57:52,250424_142046745378.jpg,work_save,심준형,worker,DONE,WAIT,,kimchi_with_target,5
2026-10-07 10:57:56,250424_142109515979.jpg,work_save,심준형,worker,DONE,WAIT,,kimchi_with_target,5
2026-10-07 10:58:00,250424_142134495262.jpg,work_save,심준형,worker,DONE,WAIT,,kimchi_with_target,5
2026-10-07 10:58:04,250424_142211379999.jpg,work_save,심준형,worker,DONE,WAIT,,kimchi_with_target,7
2026-10-07 10:58:10,250424_142245033292.jpg,work_save,심준형,worker,DONE,WAIT,,kimchi_with_target,7
2026-10-07 10:58:20,250424_142310994229.jpg,work_save,심준형,worker,DONE,WAIT,,kimchi_with_target,7
2026-10-07 10:58:25,250424_142338011529.jpg,work_save,심준형,worker,DONE,WAIT,,kimchi_with_target,5
2026-10-07 10:58:37,250424_142408511885.jpg,work_save,심준형,worker,DONE,WAIT,,kimchi_with_target,5
2026-10-07 10:58:47,250424_142451194734.jpg,work_save,심준형,worker,DONE,WAIT,,kimchi_with_target,10
2026-10-07 10:58:53,250424_142525298132.jpg,work_save,심준형,worker,DONE,WAIT,,kimchi_with_target,6
2026-10-07 10:59:02,250424_142552771765.jpg,work_save,심준형,worker,DONE,WAIT,,kimchi_with_target,7
2026-10-07 10:59:09,250424_142625989941.jpg,work_save,심준형,worker,DONE,WAIT,,kimchi_with_target,6
2026-10-07 10:59:15,250424_111341945533.jpg,work_save,박건,worker,EDITED,WAIT,,kimchi_with_target,7
2026-10-07 10:59:16,250424_142652562190.jpg,work_save,심준형,worker,DONE,WAIT,,kimchi_with_target,6
2026-10-07 10:59:21,250424_142728989367.jpg,work_save,심준형,worker,DONE,WAIT,,kimchi_with_target,6
2026-10-07 10:59:30,250424_111341945533.jpg,work_save,박건,worker,EDITED,WAIT,,kimchi_with_target,7
2026-10-07 10:59:31,250424_142806480763.jpg,work_save,심준형,worker,DONE,WAIT,,kimchi_with_target,7
2026-10-07 10:59:43,250424_142834656188.jpg,work_save,심준형,worker,DONE,WAIT,,kimchi_with_target,6
2026-10-07 10:59:50,250424_142911137938.jpg,work_save,심준형,worker,DONE,WAIT,,kimchi_with_target,7
2026-10-07 10:59:52,250424_111341945533.jpg,work_save,박건,worker,EDITED,WAIT,,kimchi_with_target,7
2026-10-07 10:59:58,250411_111048457647.jpg,work_save,김하민,worker,EDITED,WAIT,,kimchi_with_target,6
2026-10-07 11:00:02,250424_142938362989.jpg,work_save,심준형,worker,DONE,WAIT,,kimchi_with_target,6
2026-10-07 11:00:13,250424_143017228317.jpg,work_save,심준형,worker,DONE,WAIT,,kimchi_with_target,7
2026-10-07 11:00:20,250424_143044127420.jpg,work_save,심준형,worker,DONE,WAIT,,kimchi_with_target,5
2026-10-07 11:00:28,250411_111224174351.jpg,work_save,김하민,worker,DONE,WAIT,,kimchi_with_target,5
2026-10-07 11:00:30,250424_143107609014.jpg,work_save,심준형,worker,DONE,WAIT,,kimchi_with_target,6
2026-10-07 11:00:36,250424_112256216378.jpg,work_save,박건,worker,DONE,WAIT,,kimchi_with_target,10
2026-10-07 11:00:40,250424_143141044687.jpg,work_save,심준형,worker,DONE,WAIT,,kimchi_with_target,5
2026-10-07 11:00:56,250424_143219410463.jpg,work_save,심준형,worker,DONE,WAIT,,kimchi_with_target,7
2026-10-07 11:01:07,250411_111358192719.jpg,work_save,김하민,worker,DONE,WAIT,,kimchi_with_target,5
2026-10-07 11:01:14,250424_111106537338.jpg,work_save,박건,worker,EDITED,WAIT,,kimchi_with_target,6
2026-10-07 11:01:15,250424_143340574867.jpg,work_save,심준형,worker,DONE,WAIT,,kimchi_with_target,5
2026-10-07 11:01:16,250411_111523441250.jpg,work_save,김하민,worker,DONE,WAIT,,kimchi_with_target,5
2026-10-07 11:01:22,250424_143423334547.jpg,work_save,심준형,worker,DONE,WAIT,,kimchi_with_target,5
2026-10-07 11:01:24,250411_111607753620.jpg,work_save,김하민,worker,DONE,WAIT,,kimchi_with_target,5
2026-10-07 11:01:28,250424_143523864568.jpg,work_save,심준형,worker,DONE,WAIT,,kimchi_with_target,6
2026-10-07 11:01:37,250411_111804424043.jpg,work_save,김하민,worker,DONE,WAIT,,kimchi_with_target,5
2026-10-07 11:01:51,250424_110422490499.jpg,work_save,박건,worker,DONE,WAIT,,kimchi_with_target,7
2026-10-07 11:02:04,250424_110344645163.jpg,work_save,박건,worker,DONE,WAIT,,kimchi_with_target,6
2026-10-07 11:02:27,250411_111841310699.jpg,work_save,김하민,worker,DONE,WAIT,,kimchi_with_target,5
2026-10-07 11:02:35,250411_111931684327.jpg,work_save,김하민,worker,DONE,WAIT,,kimchi_with_target,5
2026-10-07 11:02:41,250411_112016533939.jpg,work_save,김하민,worker,DONE,WAIT,,kimchi_with_target,6
2026-10-07 11:02:43,250411_112108693050.jpg,work_save,김하민,worker,DONE,WAIT,,kimchi_with_target,5
2026-10-07 11:02:48,250424_110320866054.jpg,work_save,박건,worker,EDITED,WAIT,,kimchi_with_target,7
2026-10-07 11:02:52,250411_112539453476.jpg,work_save,김하민,worker,DONE,WAIT,,kimchi_with_target,5
2026-10-07 11:02:57,250411_112619535807.jpg,work_save,김하민,worker,DONE,WAIT,,kimchi_with_target,5
2026-10-07 11:03:02,250424_150320374794.jpg,work_save,심준형,worker,EDITED,WAIT,,kimchi_with_target,8
2026-10-07 11:03:08,250424_150530068599.jpg,work_save,심준형,worker,DONE,WAIT,,kimchi_with_target,6
2026-10-07 11:03:10,250411_112949853261.jpg,work_save,김하민,worker,DONE,WAIT,,kimchi_with_target,5
2026-10-07 11:03:13,250424_150601578171.jpg,work_save,심준형,worker,DONE,WAIT,,kimchi_with_target,6
2026-10-07 11:03:18,250424_150626550405.jpg,work_save,심준형,worker,DONE,WAIT,,kimchi_with_target,6
2026-10-07 11:03:20,250411_113033634859.jpg,work_save,김하민,worker,DONE,WAIT,,kimchi_with_target,5
2026-10-07 11:03:23,250424_150726922844.jpg,work_save,심준형,worker,DONE,WAIT,,kimchi_with_target,6
2026-10-07 11:03:32,250424_150751737200.jpg,work_save,심준형,worker,DONE,WAIT,,kimchi_with_target,8
2026-10-07 11:03:35,250424_150908898857.jpg,work_save,심준형,worker,DONE,WAIT,,kimchi_with_target,5
2026-10-07 11:03:40,250424_150932563138.jpg,work_save,심준형,worker,DONE,WAIT,,kimchi_with_target,8
2026-10-07 11:03:42,250411_113112105032.jpg,work_save,김하민,worker,DONE,WAIT,,kimchi_with_target,5
2026-10-07 11:04:04,250411_113153017884.jpg,work_save,김하민,worker,DONE,WAIT,,kimchi_with_target,5
2026-10-07 11:04:09,250411_113241070555.jpg,work_save,김하민,worker,DONE,WAIT,,kimchi_with_target,5
2026-10-07 11:04:12,250411_113335977212.jpg,work_save,김하민,worker,DONE,WAIT,,kimchi_with_target,5
2026-10-07 11:04:12,250424_105826238840.jpg,work_save,박건,worker,EDITED,WAIT,,kimchi_with_target,6
2026-10-07 11:04:16,250424_151045537032.jpg,work_save,심준형,worker,DONE,WAIT,,kimchi_with_target,6
2026-10-07 11:04:17,250411_113422187938.jpg,work_save,김하민,worker,DONE,WAIT,,kimchi_with_target,5
2026-10-07 11:04:21,250411_113548636483.jpg,work_save,김하민,worker,DONE,WAIT,,kimchi_with_target,5
2026-10-07 11:04:23,250424_151110625683.jpg,work_save,심준형,worker,DONE,WAIT,,kimchi_with_target,6
2026-10-07 11:04:28,250411_113626826177.jpg,work_save,김하민,worker,DONE,WAIT,,kimchi_with_target,5
2026-10-07 11:04:33,250411_113710947633.jpg,work_save,김하민,worker,DONE,WAIT,,kimchi_with_target,5
2026-10-07 11:04:42,250424_151144785207.jpg,work_save,심준형,worker,DONE,WAIT,,kimchi_with_target,5
2026-10-07 11:04:43,250411_113808387570.jpg,work_save,김하민,worker,DONE,WAIT,,kimchi_with_target,5
2026-10-07 11:04:51,250411_113959391025.jpg,work_save,김하민,worker,DONE,WAIT,,kimchi_with_target,5
2026-10-07 11:04:51,250424_151209385709.jpg,work_save,심준형,worker,DONE,WAIT,,kimchi_with_target,5
2026-10-07 11:04:55,250411_163231309394.jpg,work_save,박건,worker,DONE,WAIT,,kimchi_with_target,5
2026-10-07 11:05:00,250411_114051394051.jpg,work_save,김하민,worker,DONE,WAIT,,kimchi_with_target,5
2026-10-07 11:05:03,250424_151249899389.jpg,work_save,심준형,worker,DONE,WAIT,,kimchi_with_target,9
2026-10-07 11:05:09,250424_151328835745.jpg,work_save,심준형,worker,DONE,WAIT,,kimchi_with_target,6
2026-10-07 11:05:19,250411_114148498012.jpg,work_save,김하민,worker,EDITED,WAIT,,kimchi_with_target,7
2026-10-07 11:05:26,250411_114252525628.jpg,work_save,김하민,worker,DONE,WAIT,,kimchi_with_target,5
2026-10-07 11:05:27,250411_162846129980.jpg,work_save,박건,worker,DONE,WAIT,,kimchi_with_target,5
2026-10-07 11:05:41,250411_114345771169.jpg,work_save,김하민,worker,EDITED,WAIT,,kimchi_with_target,6
2026-10-07 11:05:55,250411_162535290470.jpg,work_save,박건,worker,EDITED,WAIT,,kimchi_with_target,5
2026-10-07 11:06:15,250424_151431421246.jpg,work_save,심준형,worker,EDITED,WAIT,,kimchi_with_target,7
2026-10-07 11:06:25,250411_114451800273.jpg,work_save,김하민,worker,EDITED,WAIT,,kimchi_with_target,8
2026-10-07 11:06:27,250424_151459859261.jpg,work_save,심준형,worker,DONE,WAIT,,kimchi_with_target,6
2026-10-07 11:06:28,250411_162400775089.jpg,work_save,박건,worker,EDITED,WAIT,,kimchi_with_target,5
2026-10-07 11:06:37,250424_151612445088.jpg,work_save,심준형,worker,DONE,WAIT,,kimchi_with_target,5
2026-10-07 11:06:44,250424_151649731424.jpg,work_save,심준형,worker,DONE,WAIT,,kimchi_with_target,6
2026-10-07 11:06:51,250424_151740506562.jpg,work_save,심준형,worker,DONE,WAIT,,kimchi_with_target,5
2026-10-07 11:06:58,250424_152218486902.jpg,work_save,심준형,worker,DONE,WAIT,,kimchi_with_target,6
2026-10-07 11:07:07,250411_114554364192.jpg,work_save,김하민,worker,EDITED,WAIT,,kimchi_with_target,8
2026-10-07 11:07:11,250411_133000176335.jpg,work_save,김하민,worker,DONE,WAIT,,kimchi_with_target,5
2026-10-07 11:07:39,250411_133144794149.jpg,work_save,김하민,worker,EDITED,WAIT,,kimchi_with_target,6
2026-10-07 11:07:39,250411_162102317297.jpg,work_save,박건,worker,EDITED,WAIT,,kimchi_with_target,6
2026-10-07 11:07:49,250411_133236119624.jpg,work_save,김하민,worker,DONE,WAIT,,kimchi_with_target,5
2026-10-07 11:07:54,250411_133329581087.jpg,work_save,김하민,worker,DONE,WAIT,,kimchi_with_target,5
2026-10-07 11:08:01,250411_133415890554.jpg,work_save,김하민,worker,DONE,WAIT,,kimchi_with_target,5
2026-10-07 11:08:05,250411_161204714653.jpg,work_save,박건,worker,DONE,WAIT,,kimchi_with_target,5
2026-10-07 11:08:13,250411_161125175112.jpg,work_save,박건,worker,DONE,WAIT,,kimchi_with_target,5
2026-10-07 11:08:14,250411_133502277094.jpg,work_save,김하민,worker,DONE,WAIT,,kimchi_with_target,5
2026-10-07 11:08:21,250411_133550188212.jpg,work_save,김하민,worker,DONE,WAIT,,kimchi_with_target,5
2026-10-07 11:08:40,250411_133634777214.jpg,work_save,김하민,worker,EDITED,WAIT,,kimchi_with_target,6
2026-10-07 11:08:42,250411_160845945710.jpg,work_save,박건,worker,EDITED,WAIT,,kimchi_with_target,5
2026-10-07 11:08:53,250411_160333681517.jpg,work_save,박건,worker,DONE,WAIT,,kimchi_with_target,5
2026-10-07 11:09:05,250411_155213979703.jpg,work_save,박건,worker,DONE,WAIT,,kimchi_with_target,5
2026-10-07 11:09:15,250411_154859817171.jpg,work_save,박건,worker,DONE,WAIT,,kimchi_with_target,5
2026-10-07 11:09:20,250411_133724174349.jpg,work_save,김하민,worker,EDITED,WAIT,,kimchi_with_target,8
2026-10-07 11:09:28,250411_133957480847.jpg,work_save,김하민,worker,DONE,WAIT,,kimchi_with_target,5
2026-10-07 11:09:29,250411_153856079886.jpg,work_save,박건,worker,DONE,WAIT,,kimchi_with_target,5
2026-10-07 11:09:36,250411_134059250467.jpg,work_save,김하민,worker,DONE,WAIT,,kimchi_with_target,5
2026-10-07 11:09:38,250411_134246962589.jpg,work_save,김하민,worker,DONE,WAIT,,kimchi_with_target,5
2026-10-07 11:09:38,250411_153254824777.jpg,work_save,박건,worker,DONE,WAIT,,kimchi_with_target,5
2026-10-07 11:09:38,250410_144403911987.jpg,work_save,김하민,worker,DONE,WAIT,,kimchi_with_target,5
2026-10-07 11:09:51,250411_134422867708.jpg,work_save,김하민,worker,EDITED,WAIT,,kimchi_with_target,6
2026-10-07 11:10:04,250411_134515221630.jpg,work_save,김하민,worker,DONE,WAIT,,kimchi_with_target,7
2026-10-07 11:10:07,250411_134605181933.jpg,work_save,김하민,worker,DONE,WAIT,,kimchi_with_target,5
2026-10-07 11:10:13,250411_134654281384.jpg,work_save,김하민,worker,DONE,WAIT,,kimchi_with_target,5
2026-10-07 11:10:17,250411_134741200055.jpg,work_save,김하민,worker,DONE,WAIT,,kimchi_with_target,5
2026-10-07 11:10:33,250411_134833730976.jpg,work_save,김하민,worker,EDITED,WAIT,,kimchi_with_target,6
2026-10-07 11:10:52,250411_135120060204.jpg,work_save,김하민,worker,EDITED,WAIT,,kimchi_with_target,7
2026-10-07 11:10:53,250411_152820604579.jpg,work_save,박건,worker,EDITED,WAIT,,kimchi_with_target,6
2026-10-07 11:12:07,250411_135211530132.jpg,work_save,김하민,worker,EDITED,WAIT,,kimchi_with_target,6
2026-10-07 11:12:29,250411_135253570383.jpg,work_save,김하민,worker,EDITED,WAIT,,kimchi_with_target,6
2026-10-07 11:12:45,250411_135341531808.jpg,work_save,김하민,worker,EDITED,WAIT,,kimchi_with_target,6
2026-10-07 11:13:03,250411_140005265446.jpg,work_save,김하민,worker,EDITED,WAIT,,kimchi_with_target,6
2026-10-07 11:13:11,250411_140059718969.jpg,work_save,김하민,worker,DONE,WAIT,,kimchi_with_target,5
2026-10-07 11:13:16,250411_140154662081.jpg,work_save,김하민,worker,DONE,WAIT,,kimchi_with_target,5
2026-10-07 11:13:20,250411_152820604579.jpg,work_save,박건,worker,EDITED,WAIT,,kimchi_with_target,6
2026-10-07 11:13:39,250411_140314154941.jpg,work_save,김하민,worker,EDITED,WAIT,,kimchi_with_target,6
2026-10-07 11:13:47,250411_140452731605.jpg,work_save,김하민,worker,DONE,WAIT,,kimchi_with_target,5
2026-10-07 11:13:52,250411_141637675543.jpg,work_save,박건,worker,EDITED,WAIT,,kimchi_with_target,5
2026-10-07 11:14:00,250411_140553670865.jpg,work_save,김하민,worker,EDITED,WAIT,,kimchi_with_target,6
2026-10-07 11:14:06,250411_140647006979.jpg,work_save,김하민,worker,DONE,WAIT,,kimchi_with_target,5
2026-10-07 11:14:11,250411_141549265009.jpg,work_save,박건,worker,EDITED,WAIT,,kimchi_with_target,5
2026-10-07 11:14:14,250411_140734845588.jpg,work_save,김하민,worker,DONE,WAIT,,kimchi_with_target,5
2026-10-07 11:14:21,250411_140826997754.jpg,work_save,김하민,worker,DONE,WAIT,,kimchi_with_target,5
2026-10-07 11:14:28,250411_140908232349.jpg,work_save,김하민,worker,DONE,WAIT,,kimchi_with_target,5
2026-10-07 11:14:35,250411_140956814957.jpg,work_save,김하민,worker,DONE,WAIT,,kimchi_with_target,5
2026-10-07 11:14:43,250411_141127764893.jpg,work_save,박건,worker,EDITED,WAIT,,kimchi_with_target,6
2026-10-07 11:14:50,250411_141042153876.jpg,work_save,김하민,worker,EDITED,WAIT,,kimchi_with_target,6
2026-10-07 11:14:55,250411_141717372582.jpg,work_save,김하민,worker,DONE,WAIT,,kimchi_with_target,5
2026-10-07 11:15:11,250411_141809689183.jpg,work_save,김하민,worker,DONE,WAIT,,kimchi_with_target,5
2026-10-07 11:15:13,250411_140406550160.jpg,work_save,박건,worker,EDITED,WAIT,,kimchi_with_target,6
2026-10-07 11:15:34,250411_135428632799.jpg,work_save,박건,worker,EDITED,WAIT,,kimchi_with_target,5
2026-10-07 11:15:37,250411_141809689183.jpg,work_save,김하민,worker,DONE,WAIT,,kimchi_with_target,5
2026-10-07 11:15:53,250411_134338103210.jpg,work_save,박건,worker,EDITED,WAIT,,kimchi_with_target,5
2026-10-07 11:16:20,250411_134156935624.jpg,work_save,박건,worker,EDITED,WAIT,,kimchi_with_target,6
2026-10-07 11:16:40,250411_133907433178.jpg,work_save,박건,worker,EDITED,WAIT,,kimchi_with_target,5
2026-10-07 11:16:59,250411_113904005033.jpg,work_save,박건,worker,EDITED,WAIT,,kimchi_with_target,5
2026-10-07 11:17:15,250411_113506054354.jpg,work_save,박건,worker,DONE,WAIT,,kimchi_with_target,5
2026-10-07 11:17:25,250411_112741745606.jpg,work_save,박건,worker,DONE,WAIT,,kimchi_with_target,5
2026-10-07 11:17:32,250411_112702519484.jpg,work_save,박건,worker,DONE,WAIT,,kimchi_with_target,5
2026-10-07 11:18:03,250411_112446720529.jpg,work_save,박건,worker,DONE,WAIT,,kimchi_with_target,5
2026-10-07 11:18:09,250411_112205486359.jpg,work_save,박건,worker,DONE,WAIT,,kimchi_with_target,5
2026-10-07 11:18:15,250411_111721406014.jpg,work_save,박건,worker,DONE,WAIT,,kimchi_with_target,5
2026-10-07 11:18:27,250411_111440055274.jpg,work_save,박건,worker,EDITED,WAIT,,kimchi_with_target,5
2026-10-07 11:18:35,250411_111313130597.jpg,work_save,박건,worker,DONE,WAIT,,kimchi_with_target,5
2026-10-07 11:18:59,250411_111136595839.jpg,work_save,박건,worker,EDITED,WAIT,,kimchi_with_target,5
2026-10-07 11:19:26,250411_111004245983.jpg,work_save,박건,worker,DONE,WAIT,,kimchi_with_target,5
2026-10-07 11:19:52,250411_110038287967.jpg,work_save,박건,worker,EDITED,WAIT,,kimchi_with_target,5
2026-10-07 11:19:58,250411_104956612339.jpg,work_save,박건,worker,DONE,WAIT,,kimchi_with_target,5
2026-10-07 11:20:05,250411_104718061502.jpg,work_save,박건,worker,DONE,WAIT,,kimchi_with_target,5
2026-10-07 11:20:10,250411_100158094554.jpg,work_save,박건,worker,DONE,WAIT,,kimchi_with_target,5
2026-10-07 11:20:18,250411_095929903223.jpg,work_save,박건,worker,DONE,WAIT,,kimchi_with_target,5
2026-10-07 11:20:26,250411_095401865132.jpg,work_save,박건,worker,DONE,WAIT,,kimchi_with_target,5
2026-10-07 11:20:34,250411_094651666580.jpg,work_save,박건,worker,DONE,WAIT,,kimchi_with_target,5
2026-10-07 11:20:58,250411_094259430445.jpg,work_save,박건,worker,EDITED,WAIT,,kimchi_with_target,6
2026-10-07 11:21:03,250411_093743680890.jpg,work_save,박건,worker,DONE,WAIT,,kimchi_with_target,5
2026-10-07 11:21:11,250411_093519741399.jpg,work_save,박건,worker,DONE,WAIT,,kimchi_with_target,5
2026-10-07 11:21:21,250411_093324099646.jpg,work_save,박건,worker,DONE,WAIT,,kimchi_with_target,5
2026-10-07 11:21:28,250411_093234406905.jpg,work_save,박건,worker,DONE,WAIT,,kimchi_with_target,5
2026-10-07 11:21:49,250411_092352338943.jpg,work_save,박건,worker,EDITED,WAIT,,kimchi_with_target,5
2026-10-07 11:21:55,250411_092158458691.jpg,work_save,박건,worker,DONE,WAIT,,kimchi_with_target,5
2026-10-07 11:22:07,250410_182921481743.jpg,work_save,박건,worker,EDITED,WAIT,,kimchi_with_target,5
2026-10-07 11:22:15,250410_182834693275.jpg,work_save,박건,worker,DONE,WAIT,,kimchi_with_target,5
2026-10-07 11:22:23,250410_182143992189.jpg,work_save,박건,worker,DONE,WAIT,,kimchi_with_target,5
2026-10-07 11:22:32,250410_182048797815.jpg,work_save,박건,worker,DONE,WAIT,,kimchi_with_target,5
2026-10-07 11:23:02,250410_182048797815.jpg,work_save,박건,worker,EDITED,WAIT,,kimchi_with_target,6
2026-10-07 10:13:18,250424_152301409922.jpg,work_save,이승훈,worker,DONE,WAIT,,kimchi_with_target,7
2026-10-07 10:13:37,250424_152336292034.jpg,work_save,이승훈,worker,DONE,WAIT,,kimchi_with_target,6
2026-10-07 10:14:30,250424_152358815799.jpg,work_save,이승훈,worker,DONE,WAIT,,kimchi_with_target,5
2026-10-07 10:15:06,250424_152433490577.jpg,work_save,이승훈,worker,DONE,WAIT,,kimchi_with_target,5
2026-10-07 10:15:32,250424_152545483072.jpg,work_save,이승훈,worker,DONE,WAIT,,kimchi_with_target,5
2026-10-07 10:15:47,250424_152633071901.jpg,work_save,이승훈,worker,DONE,WAIT,,kimchi_with_target,5
2026-10-07 10:16:03,250424_152713073232.jpg,work_save,이승훈,worker,DONE,WAIT,,kimchi_with_target,5
2026-10-07 10:16:14,250424_152817392808.jpg,work_save,이승훈,worker,DONE,WAIT,,kimchi_with_target,5
2026-10-07 10:16:31,250424_152946197348.jpg,work_save,이승훈,worker,DONE,WAIT,,kimchi_with_target,5
2026-10-07 10:16:41,250424_153015693567.jpg,work_save,이승훈,worker,DONE,WAIT,,kimchi_with_target,5
2026-10-07 10:18:20,250424_153120277271.jpg,work_save,이승훈,worker,EDITED,WAIT,,kimchi_with_target,6
2026-10-07 10:19:00,250424_153120277271.jpg,work_save,이승훈,worker,EDITED,WAIT,,kimchi_with_target,7
2026-10-07 10:19:52,250424_153120277271.jpg,work_save,이승훈,worker,REVIEW,WAIT,too_small_to_identify,kimchi_with_target,7
2026-10-07 10:20:59,250424_153120277271.jpg,work_save,이승훈,worker,REVIEW,WAIT,too_small_to_identify,kimchi_with_target,6
2026-10-07 10:21:07,250424_153155248673.jpg,work_save,이승훈,worker,DONE,WAIT,,kimchi_with_target,5
2026-10-07 10:21:30,250424_153338308367.jpg,work_save,이승훈,worker,DONE,WAIT,,kimchi_with_target,5
2026-10-07 10:22:24,250424_153338308367.jpg,work_save,이승훈,worker,REVIEW,WAIT,too_small_to_identify,kimchi_with_target,6
2026-10-07 10:22:44,250424_153421707254.jpg,work_save,이승훈,worker,DONE,WAIT,,kimchi_with_target,5
2026-10-07 10:23:08,250424_153453270568.jpg,work_save,이승훈,worker,DONE,WAIT,,kimchi_with_target,5
2026-10-07 10:24:08,250424_153520639358.jpg,work_save,이승훈,worker,EDITED,WAIT,,kimchi_with_target,5
2026-10-07 10:24:36,250424_153545918427.jpg,work_save,이승훈,worker,DONE,WAIT,,kimchi_with_target,5
2026-10-07 10:25:05,250424_154322097228.jpg,work_save,이승훈,worker,DONE,WAIT,,kimchi_with_target,5
2026-10-07 10:25:30,250424_154424370442.jpg,work_save,이승훈,worker,EDITED,WAIT,,kimchi_with_target,5
2026-10-07 10:25:36,250424_154424370442.jpg,work_save,이승훈,worker,EDITED,WAIT,,kimchi_with_target,5
2026-10-07 10:26:24,250424_154449695884.jpg,work_save,이승훈,worker,EDITED,WAIT,,kimchi_with_target,5
2026-10-07 10:27:18,250424_154449695884.jpg,work_save,이승훈,worker,EDITED,WAIT,,kimchi_with_target,5
2026-10-07 10:28:41,250424_154522785740.jpg,work_save,이승훈,worker,DONE,WAIT,,kimchi_with_target,5
2026-10-07 10:30:15,250424_154554019457.jpg,work_save,이승훈,worker,REVIEW,WAIT,too_small_to_identify,kimchi_with_target,6
2026-10-07 10:31:59,250424_154635713023.jpg,work_save,이승훈,worker,REVIEW,WAIT,too_small_to_identify,kimchi_with_target,6
2026-10-07 10:32:39,250424_154704448893.jpg,work_save,이승훈,worker,DONE,WAIT,,kimchi_with_target,5
2026-10-07 10:32:54,250424_154741377185.jpg,work_save,이승훈,worker,DONE,WAIT,,kimchi_with_target,5
2026-10-07 10:33:13,250424_154843279325.jpg,work_save,이승훈,worker,EDITED,WAIT,,kimchi_with_target,5
2026-10-07 10:33:22,250424_154843279325.jpg,work_save,이승훈,worker,EDITED,WAIT,,kimchi_with_target,5
2026-10-07 10:34:43,250424_154917407586.jpg,work_save,이승훈,worker,EDITED,WAIT,,kimchi_with_target,6
2026-10-07 10:36:48,250424_154950467801.jpg,work_save,이승훈,worker,REVIEW,WAIT,class_ambiguous,kimchi_with_target,6
2026-10-07 10:37:15,250424_155020308984.jpg,work_save,이승훈,worker,DONE,WAIT,,kimchi_with_target,5
2026-10-07 10:37:34,250424_155038372746.jpg,work_save,이승훈,worker,EDITED,WAIT,,kimchi_with_target,5
2026-10-07 10:37:35,250424_155038372746.jpg,work_save,이승훈,worker,EDITED,WAIT,,kimchi_with_target,5
2026-10-07 10:37:58,250424_155129094693.jpg,work_save,이승훈,worker,EDITED,WAIT,,kimchi_with_target,5
2026-10-07 10:38:13,250424_155157438614.jpg,work_save,이승훈,worker,EDITED,WAIT,,kimchi_with_target,5
2026-10-07 10:38:30,250424_155225119676.jpg,work_save,이승훈,worker,EDITED,WAIT,,kimchi_with_target,5
2026-10-07 10:38:44,250424_155225119676.jpg,work_save,이승훈,worker,EDITED,WAIT,,kimchi_with_target,5
2026-10-07 10:38:56,250424_155250067367.jpg,work_save,이승훈,worker,DONE,WAIT,,kimchi_with_target,5
2026-10-07 10:39:10,250424_155322980630.jpg,work_save,이승훈,worker,DONE,WAIT,,kimchi_with_target,5
2026-10-07 10:39:22,250424_155351657201.jpg,work_save,이승훈,worker,DONE,WAIT,,kimchi_with_target,5
2026-10-07 10:39:53,250424_155415756891.jpg,work_save,이승훈,worker,DONE,WAIT,,kimchi_with_target,5
2026-10-07 10:40:19,250424_155439226083.jpg,work_save,이승훈,worker,EDITED,WAIT,,kimchi_with_target,5
2026-10-07 10:40:43,250424_155439226083.jpg,work_save,이승훈,worker,EDITED,WAIT,,kimchi_with_target,5
2026-10-07 10:41:00,250424_155512166104.jpg,work_save,이승훈,worker,DONE,WAIT,,kimchi_with_target,5
2026-10-07 10:41:11,250424_155536501884.jpg,work_save,이승훈,worker,DONE,WAIT,,kimchi_with_target,5
2026-10-07 10:41:28,250424_155603348923.jpg,work_save,이승훈,worker,EDITED,WAIT,,kimchi_with_target,5
2026-10-07 10:41:43,250424_155719300374.jpg,work_save,이승훈,worker,EDITED,WAIT,,kimchi_with_target,5
2026-10-07 10:41:57,250424_155719300374.jpg,work_save,이승훈,worker,EDITED,WAIT,,kimchi_with_target,5
2026-10-07 10:42:12,250424_155753466380.jpg,work_save,이승훈,worker,DONE,WAIT,,kimchi_with_target,5
2026-10-07 10:42:21,250424_155824864441.jpg,work_save,이승훈,worker,DONE,WAIT,,kimchi_with_target,5
2026-10-07 10:42:36,250424_155925517432.jpg,work_save,이승훈,worker,DONE,WAIT,,kimchi_with_target,5
2026-10-07 10:42:44,250424_160002175452.jpg,work_save,이승훈,worker,DONE,WAIT,,kimchi_with_target,5
2026-10-07 10:43:10,250424_160059103717.jpg,work_save,이승훈,worker,EDITED,WAIT,,kimchi_with_target,5
2026-10-07 10:43:23,250424_160124271601.jpg,work_save,이승훈,worker,EDITED,WAIT,,kimchi_with_target,5
2026-10-07 10:43:37,250424_160124271601.jpg,work_save,이승훈,worker,EDITED,WAIT,,kimchi_with_target,5
2026-10-07 10:43:54,250424_160154484717.jpg,work_save,이승훈,worker,DONE,WAIT,,kimchi_with_target,5
2026-10-07 10:44:07,250424_160247658866.jpg,work_save,이승훈,worker,DONE,WAIT,,kimchi_with_target,5
2026-10-07 10:44:17,250424_160303658850.jpg,work_save,이승훈,worker,DONE,WAIT,,kimchi_with_target,5
2026-10-07 10:44:34,250424_160324182339.jpg,work_save,이승훈,worker,EDITED,WAIT,,kimchi_with_target,5
2026-10-07 10:44:43,250424_160324182339.jpg,work_save,이승훈,worker,EDITED,WAIT,,kimchi_with_target,5
2026-10-07 10:44:56,250424_160343037975.jpg,work_save,이승훈,worker,EDITED,WAIT,,kimchi_with_target,5
2026-10-07 10:45:13,250424_160343037975.jpg,work_save,이승훈,worker,EDITED,WAIT,,kimchi_with_target,5
2026-10-07 10:45:32,250424_160408720170.jpg,work_save,이승훈,worker,EDITED,WAIT,,kimchi_with_target,5
2026-10-07 10:45:53,250424_160408720170.jpg,work_save,이승훈,worker,EDITED,WAIT,,kimchi_with_target,5
2026-10-07 10:46:08,250424_160408720170.jpg,work_save,이승훈,worker,EDITED,WAIT,,kimchi_with_target,5
2026-10-07 10:46:36,250424_160438120135.jpg,work_save,이승훈,worker,EDITED,WAIT,,kimchi_with_target,5
2026-10-07 10:46:45,250424_160438120135.jpg,work_save,이승훈,worker,EDITED,WAIT,,kimchi_with_target,5
2026-10-07 10:47:21,250424_160456860690.jpg,work_save,이승훈,worker,DONE,WAIT,,kimchi_with_target,5
2026-10-07 10:47:42,250424_160532201123.jpg,work_save,이승훈,worker,DONE,WAIT,,kimchi_with_target,5
2026-10-07 10:49:29,250424_160546850518.jpg,work_save,이승훈,worker,DONE,WAIT,,kimchi_with_target,5
2026-10-07 10:49:45,250424_164033250654.jpg,work_save,이승훈,worker,DONE,WAIT,,kimchi_with_target,5
2026-10-07 10:50:08,250424_164205945780.jpg,work_save,이승훈,worker,DONE,WAIT,,kimchi_with_target,5
2026-10-07 10:50:22,250424_164310605033.jpg,work_save,이승훈,worker,EDITED,WAIT,,kimchi_with_target,5
2026-10-07 11:02:06,250424_164310605033.jpg,work_save,이승훈,worker,REVIEW,WAIT,too_small_to_identify,kimchi_with_target,6
2026-10-07 11:02:52,250424_164310605033.jpg,work_save,이승훈,worker,REVIEW,WAIT,too_small_to_identify,kimchi_with_target,6
2026-10-07 11:03:02,250424_164310605033.jpg,work_save,이승훈,worker,REVIEW,WAIT,too_small_to_identify,kimchi_with_target,6
2026-10-07 11:04:47,250424_164338285940.jpg,work_save,이승훈,worker,REVIEW,WAIT,too_small_to_identify,kimchi_with_target,9
2026-10-07 11:05:07,250424_164338285940.jpg,work_save,이승훈,worker,REVIEW,WAIT,too_small_to_identify,kimchi_with_target,9
2026-10-07 11:05:08,250424_164338285940.jpg,work_save,이승훈,worker,REVIEW,WAIT,too_small_to_identify,kimchi_with_target,9
2026-10-07 11:05:42,250424_170616179502.jpg,work_save,이승훈,worker,DONE,WAIT,,kimchi_with_target,5
2026-10-07 11:05:51,250424_170640733964.jpg,work_save,이승훈,worker,DONE,WAIT,,kimchi_with_target,5
2026-10-07 11:07:13,250424_164415645065.jpg,work_save,이승훈,worker,EDITED,WAIT,,kimchi_with_target,5
2026-10-07 11:07:29,250424_164415645065.jpg,work_save,이승훈,worker,EDITED,WAIT,,kimchi_with_target,5
2026-10-07 11:07:43,250424_164455938988.jpg,work_save,이승훈,worker,DONE,WAIT,,kimchi_with_target,5
2026-10-07 11:08:06,250424_164535209801.jpg,work_save,이승훈,worker,EDITED,WAIT,,kimchi_with_target,5
2026-10-07 11:08:43,250424_164535209801.jpg,work_save,이승훈,worker,EDITED,WAIT,,kimchi_with_target,5
2026-10-07 11:09:40,250424_164637508527.jpg,work_save,이승훈,worker,REVIEW,WAIT,too_small_to_identify,kimchi_with_target,7
2026-10-07 11:09:51,250424_164637508527.jpg,work_save,이승훈,worker,REVIEW,WAIT,too_small_to_identify,kimchi_with_target,7
2026-10-07 11:10:41,250424_164708984954.jpg,work_save,이승훈,worker,REVIEW,WAIT,too_small_to_identify,kimchi_with_target,6
2026-10-07 11:12:23,250424_164734340835.jpg,work_save,이승훈,worker,REVIEW,WAIT,too_small_to_identify,kimchi_with_target,7
2026-10-07 11:13:19,250424_164801235334.jpg,work_save,이승훈,worker,EDITED,WAIT,,kimchi_with_target,5
2026-10-07 11:13:51,250424_164836160471.jpg,work_save,이승훈,worker,EDITED,WAIT,,kimchi_with_target,6
2026-10-07 11:14:08,250424_164836160471.jpg,work_save,이승훈,worker,REVIEW,WAIT,too_small_to_identify,kimchi_with_target,6
2026-10-07 11:14:10,250424_164836160471.jpg,work_save,이승훈,worker,REVIEW,WAIT,too_small_to_identify,kimchi_with_target,6
2026-10-07 11:15:07,250424_164910871087.jpg,work_save,이승훈,worker,EDITED,WAIT,,kimchi_with_target,5
2026-10-07 11:15:32,250424_164942449664.jpg,work_save,이승훈,worker,EDITED,WAIT,,kimchi_with_target,5
2026-10-07 11:15:46,250424_164942449664.jpg,work_save,이승훈,worker,EDITED,WAIT,,kimchi_with_target,5
2026-10-07 11:16:14,250424_165010824897.jpg,work_save,이승훈,worker,DONE,WAIT,,kimchi_with_target,5
2026-10-07 11:16:27,250424_165045797026.jpg,work_save,이승훈,worker,EDITED,WAIT,,kimchi_with_target,5
2026-10-07 11:16:38,250424_165045797026.jpg,work_save,이승훈,worker,EDITED,WAIT,,kimchi_with_target,5
2026-10-07 11:17:00,250424_165115853593.jpg,work_save,이승훈,worker,EDITED,WAIT,,kimchi_with_target,5
2026-10-07 11:17:27,250424_165115853593.jpg,work_save,이승훈,worker,EDITED,WAIT,,kimchi_with_target,5
2026-10-07 11:17:38,250424_165143232306.jpg,work_save,이승훈,worker,DONE,WAIT,,kimchi_with_target,5
2026-10-07 11:17:54,250424_165211833951.jpg,work_save,이승훈,worker,EDITED,WAIT,,kimchi_with_target,5
2026-10-07 11:18:10,250424_165211833951.jpg,work_save,이승훈,worker,EDITED,WAIT,,kimchi_with_target,5
2026-10-07 11:18:25,250424_165211833951.jpg,work_save,이승훈,worker,EDITED,WAIT,,kimchi_with_target,5
2026-10-07 11:18:45,250424_165211833951.jpg,work_save,이승훈,worker,EDITED,WAIT,,kimchi_with_target,5
2026-10-07 11:19:38,250424_165246591612.jpg,work_save,이승훈,worker,EDITED,WAIT,,kimchi_with_target,5
2026-10-07 11:20:21,250424_165316762592.jpg,work_save,이승훈,worker,EDITED,WAIT,,kimchi_with_target,5
2026-10-07 11:20:42,250424_165316762592.jpg,work_save,이승훈,worker,EDITED,WAIT,,kimchi_with_target,5
2026-10-07 11:21:03,250424_165418497986.jpg,work_save,이승훈,worker,EDITED,WAIT,,kimchi_with_target,5
2026-10-07 11:21:27,250424_165418497986.jpg,work_save,이승훈,worker,EDITED,WAIT,,kimchi_with_target,5
2026-10-07 11:21:35,250424_165418497986.jpg,work_save,이승훈,worker,EDITED,WAIT,,kimchi_with_target,5
2026-10-07 11:21:54,250424_165440056716.jpg,work_save,이승훈,worker,EDITED,WAIT,,kimchi_with_target,5
2026-10-07 11:22:20,250424_165440056716.jpg,work_save,이승훈,worker,EDITED,WAIT,,kimchi_with_target,5
2026-10-07 11:22:59,250424_165440056716.jpg,work_save,이승훈,worker,REVIEW,WAIT,too_small_to_identify,kimchi_with_target,6
2026-10-07 11:23:39,250424_165505539730.jpg,work_save,이승훈,worker,EDITED,WAIT,,kimchi_with_target,6
2026-10-07 11:23:46,250424_165505539730.jpg,work_save,이승훈,worker,EDITED,WAIT,,kimchi_with_target,6
2026-10-07 11:24:03,250424_165529269617.jpg,work_save,이승훈,worker,DONE,WAIT,,kimchi_with_target,5
2026-10-07 11:24:15,250424_165553096484.jpg,work_save,이승훈,worker,EDITED,WAIT,,kimchi_with_target,5
2026-10-07 11:24:21,250424_165553096484.jpg,work_save,이승훈,worker,EDITED,WAIT,,kimchi_with_target,5
2026-10-07 11:24:40,250424_165639244639.jpg,work_save,이승훈,worker,EDITED,WAIT,,kimchi_with_target,5
2026-10-07 11:25:06,250424_165639244639.jpg,work_save,이승훈,worker,REVIEW,WAIT,too_small_to_identify,kimchi_with_target,6
2026-10-07 11:25:18,250424_165639244639.jpg,work_save,이승훈,worker,REVIEW,WAIT,too_small_to_identify,kimchi_with_target,6
2026-10-07 11:26:13,250424_165711484642.jpg,work_save,이승훈,worker,EDITED,WAIT,,kimchi_with_target,5
2026-10-07 11:26:35,250424_165737940764.jpg,work_save,이승훈,worker,EDITED,WAIT,,kimchi_with_target,6
2026-10-07 11:26:44,250424_165737940764.jpg,work_save,이승훈,worker,EDITED,WAIT,,kimchi_with_target,6
2026-10-07 11:27:09,250424_165900444499.jpg,work_save,이승훈,worker,EDITED,WAIT,,kimchi_with_target,5
2026-10-07 11:27:23,250424_165931923085.jpg,work_save,이승훈,worker,EDITED,WAIT,,kimchi_with_target,5
2026-10-07 11:27:39,250424_165931923085.jpg,work_save,이승훈,worker,EDITED,WAIT,,kimchi_with_target,5
2026-10-07 11:27:46,250424_165931923085.jpg,work_save,이승훈,worker,EDITED,WAIT,,kimchi_with_target,5
2026-10-07 11:27:56,250424_170003430959.jpg,work_save,이승훈,worker,EDITED,WAIT,,kimchi_with_target,5
2026-10-07 11:28:19,250424_170003430959.jpg,work_save,이승훈,worker,EDITED,WAIT,,kimchi_with_target,5
2026-10-07 11:28:33,250424_170003430959.jpg,work_save,이승훈,worker,EDITED,WAIT,,kimchi_with_target,5
2026-10-07 11:28:53,250424_170003430959.jpg,work_save,이승훈,worker,EDITED,WAIT,,kimchi_with_target,5
2026-10-07 11:29:43,250424_170032248410.jpg,work_save,이승훈,worker,REVIEW,WAIT,too_small_to_identify,kimchi_with_target,6
2026-10-07 11:29:51,250424_170032248410.jpg,work_save,이승훈,worker,REVIEW,WAIT,too_small_to_identify,kimchi_with_target,6
2026-10-07 11:30:02,250424_170112241458.jpg,work_save,이승훈,worker,EDITED,WAIT,,kimchi_with_target,5
2026-10-07 11:30:18,250424_170112241458.jpg,work_save,이승훈,worker,EDITED,WAIT,,kimchi_with_target,5
2026-10-07 11:30:36,250424_170156569067.jpg,work_save,이승훈,worker,EDITED,WAIT,,kimchi_with_target,5
2026-10-07 11:30:40,250424_170156569067.jpg,work_save,이승훈,worker,EDITED,WAIT,,kimchi_with_target,5
2026-10-07 11:30:50,250424_170230154929.jpg,work_save,이승훈,worker,DONE,WAIT,,kimchi_with_target,5
2026-10-07 11:30:58,250424_170251913373.jpg,work_save,이승훈,worker,DONE,WAIT,,kimchi_with_target,5
2026-10-07 11:31:20,250424_170325776755.jpg,work_save,이승훈,worker,EDITED,WAIT,,kimchi_with_target,5
2026-10-07 11:31:25,250424_170325776755.jpg,work_save,이승훈,worker,EDITED,WAIT,,kimchi_with_target,5
2026-10-07 11:31:39,250424_170457181197.jpg,work_save,이승훈,worker,DONE,WAIT,,kimchi_with_target,6
2026-10-07 11:31:49,250424_170525843567.jpg,work_save,이승훈,worker,DONE,WAIT,,kimchi_with_target,5
2026-10-07 11:40:52,250410_181608031071.jpg,work_save,최용훈,worker,DONE,WAIT,,kimchi_with_target,5
2026-10-07 12:04:31,250410_180721146468.jpg,qa_reject,박건,reviewer,REVIEW,WAIT,class_ambiguous,kimchi_with_target,7
2026-10-07 12:04:48,250410_180721146468.jpg,qa_reject,박건,reviewer,REVIEW,WAIT,class_ambiguous,kimchi_with_target,7
2026-10-07 12:05:10,250410_180721146468.jpg,qa_pass,박건,reviewer,EDITED,PASS,,kimchi_with_target,7
2026-10-07 12:07:05,250424_135855115910.jpg,qa_pass,박건,reviewer,EDITED,PASS,,kimchi_with_target,7
2026-10-07 12:07:26,250424_153120277271.jpg,qa_pass,박건,reviewer,EDITED,PASS,,kimchi_with_target,6
2026-10-07 12:08:06,250424_153338308367.jpg,qa_pass,박건,reviewer,EDITED,PASS,,kimchi_with_target,6
2026-10-07 12:08:44,250424_154554019457.jpg,qa_reject,박건,reviewer,REVIEW,WAIT,too_small_to_identify,kimchi_with_target,6
2026-10-07 12:08:48,250424_154554019457.jpg,qa_pass,박건,reviewer,EDITED,PASS,,kimchi_with_target,6
2026-10-07 12:08:52,250424_154554019457.jpg,qa_pass,박건,reviewer,EDITED,PASS,,kimchi_with_target,6
2026-10-07 12:08:54,250424_154554019457.jpg,qa_pass,박건,reviewer,EDITED,PASS,,kimchi_with_target,6
2026-10-07 12:10:23,250424_154635713023.jpg,qa_pass,박건,reviewer,EDITED,PASS,,kimchi_with_target,7
2026-10-07 12:12:17,250424_154950467801.jpg,qa_pass,박건,reviewer,EDITED,PASS,,kimchi_with_target,5
2026-10-07 12:12:43,250424_164310605033.jpg,qa_pass,박건,reviewer,EDITED,PASS,,kimchi_with_target,6
2026-10-07 12:13:17,250424_164338285940.jpg,qa_pass,박건,reviewer,EDITED,PASS,,kimchi_with_target,9
2026-10-07 12:13:40,250424_164338285940.jpg,qa_pass,박건,reviewer,EDITED,PASS,,kimchi_with_target,9
2026-10-07 12:13:44,250424_164637508527.jpg,qa_pass,박건,reviewer,EDITED,PASS,,kimchi_with_target,7
2026-10-07 12:14:18,250424_164708984954.jpg,qa_pass,박건,reviewer,EDITED,PASS,,kimchi_with_target,6
2026-10-07 12:14:58,250424_164734340835.jpg,qa_pass,박건,reviewer,EDITED,PASS,,kimchi_with_target,7
2026-10-07 12:15:18,250424_164836160471.jpg,qa_pass,박건,reviewer,EDITED,PASS,,kimchi_with_target,6
2026-10-07 12:15:53,250424_165440056716.jpg,qa_pass,박건,reviewer,EDITED,PASS,,kimchi_with_target,6
2026-10-07 12:16:19,250424_165639244639.jpg,qa_pass,박건,reviewer,EDITED,PASS,,kimchi_with_target,6
2026-10-07 12:16:47,250424_170032248410.jpg,qa_pass,박건,reviewer,EDITED,PASS,,kimchi_with_target,6
2026-10-07 12:17:22,250513_020519404101.jpg,qa_pass,박건,reviewer,EDITED,PASS,,object_only,6
2026-10-07 12:17:32,250513_020538475964.jpg,qa_pass,박건,reviewer,EDITED,PASS,,object_only,6
2026-10-07 12:17:46,250513_020750875797.jpg,qa_pass,박건,reviewer,EDITED,PASS,,object_only,5
2026-10-07 12:17:57,250513_020804589690.jpg,qa_pass,박건,reviewer,EDITED,PASS,,object_only,3
2026-10-07 12:18:47,250410_174950640074.jpg,qa_pass,박건,reviewer,EDITED,PASS,,kimchi_with_target,8
2026-10-07 12:20:38,250410_175613332662.jpg,qa_pass,박건,reviewer,EDITED,PASS,,kimchi_with_target,6
2026-10-07 12:20:53,250410_180033976404.jpg,qa_pass,박건,reviewer,EDITED,PASS,,kimchi_with_target,6
2026-10-07 12:36:59,250411_141859877677.jpg,qa_pass,최용훈,reviewer,EDITED,PASS,,kimchi_with_target,5
2026-10-07 12:38:03,250411_141947463304.jpg,qa_pass,최용훈,reviewer,EDITED,PASS,,kimchi_with_target,5
2026-10-07 12:40:19,250411_142033408182.jpg,qa_pass,최용훈,reviewer,EDITED,PASS,,kimchi_with_target,5
2026-10-07 12:41:42,250411_142123259727.jpg,qa_pass,최용훈,reviewer,EDITED,PASS,,kimchi_with_target,5
2026-10-07 12:43:13,250411_142216814830.jpg,qa_pass,최용훈,reviewer,EDITED,PASS,,kimchi_with_target,5
2026-10-07 12:44:55,250411_142304725518.jpg,qa_pass,최용훈,reviewer,EDITED,PASS,,kimchi_with_target,5
2026-10-07 12:45:50,250411_142354319596.jpg,qa_pass,최용훈,reviewer,EDITED,PASS,,kimchi_with_target,5
2026-10-07 12:46:40,250411_142354319596.jpg,qa_pass,최용훈,reviewer,EDITED,PASS,,kimchi_with_target,5
2026-10-07 12:47:19,250411_151707909443.jpg,qa_pass,최용훈,reviewer,EDITED,PASS,,kimchi_with_target,5
2026-10-07 12:47:43,250411_151803199511.jpg,qa_pass,최용훈,reviewer,EDITED,PASS,,kimchi_with_target,5
2026-10-07 12:48:09,250411_151803199511.jpg,qa_pass,최용훈,reviewer,EDITED,PASS,,kimchi_with_target,5
2026-10-07 12:49:10,250411_151903234059.jpg,qa_pass,최용훈,reviewer,EDITED,PASS,,kimchi_with_target,5
2026-10-07 12:50:19,250411_152011813992.jpg,qa_pass,최용훈,reviewer,EDITED,PASS,,kimchi_with_target,5
2026-10-07 12:51:12,250411_152117347333.jpg,qa_pass,최용훈,reviewer,EDITED,PASS,,kimchi_with_target,5
2026-10-07 13:52:04,250411_152216764651.jpg,qa_pass,최용훈,reviewer,EDITED,PASS,,kimchi_with_target,6
2026-10-07 13:53:18,250411_152317457996.jpg,qa_pass,최용훈,reviewer,EDITED,PASS,,kimchi_with_target,5
2026-10-07 13:55:58,250411_152410462673.jpg,qa_pass,최용훈,reviewer,EDITED,PASS,,kimchi_with_target,5
2026-10-07 13:57:07,250411_152459280077.jpg,qa_pass,최용훈,reviewer,EDITED,PASS,,kimchi_with_target,5
2026-10-07 13:58:32,250411_152549760336.jpg,qa_pass,최용훈,reviewer,EDITED,PASS,,kimchi_with_target,6
2026-10-07 13:59:30,250411_152640864385.jpg,qa_pass,최용훈,reviewer,EDITED,PASS,,kimchi_with_target,5
2026-10-07 14:01:02,250411_152729639809.jpg,qa_pass,최용훈,reviewer,EDITED,PASS,,kimchi_with_target,7
2026-10-07 14:03:01,250411_152918560135.jpg,qa_pass,최용훈,reviewer,EDITED,PASS,,kimchi_with_target,6
2026-10-07 14:04:24,250411_153008984132.jpg,qa_pass,최용훈,reviewer,EDITED,PASS,,kimchi_with_target,5
2026-10-07 14:05:18,250411_153105900410.jpg,qa_pass,최용훈,reviewer,EDITED,PASS,,kimchi_with_target,5
2026-10-07 14:07:00,250411_153202843304.jpg,qa_pass,최용훈,reviewer,EDITED,PASS,,kimchi_with_target,6
2026-10-07 14:08:27,250411_153351252246.jpg,qa_pass,최용훈,reviewer,EDITED,PASS,,kimchi_with_target,5
2026-10-07 14:09:34,250411_153708642128.jpg,qa_pass,최용훈,reviewer,EDITED,PASS,,kimchi_with_target,5
2026-10-07 14:10:54,250411_153808979651.jpg,qa_pass,최용훈,reviewer,EDITED,PASS,,kimchi_with_target,5
2026-10-07 14:12:33,250411_153940519769.jpg,qa_pass,최용훈,reviewer,EDITED,PASS,,kimchi_with_target,6
2026-10-07 14:13:59,250411_154031477357.jpg,qa_pass,최용훈,reviewer,EDITED,PASS,,kimchi_with_target,5
2026-10-07 14:15:29,250411_154123030062.jpg,qa_pass,최용훈,reviewer,EDITED,PASS,,kimchi_with_target,5
2026-10-07 14:16:42,250411_154545289934.jpg,qa_pass,최용훈,reviewer,EDITED,PASS,,kimchi_with_target,5
2026-10-07 14:17:10,250411_154632400103.jpg,qa_pass,최용훈,reviewer,DONE,PASS,,kimchi_with_target,5
2026-10-07 14:18:41,250411_154812203890.jpg,qa_pass,최용훈,reviewer,EDITED,PASS,,kimchi_with_target,6
2026-10-07 14:20:13,250411_154949761626.jpg,qa_pass,최용훈,reviewer,EDITED,PASS,,kimchi_with_target,6
2026-10-07 14:21:42,250411_155040808617.jpg,qa_pass,최용훈,reviewer,EDITED,PASS,,kimchi_with_target,6
2026-10-07 14:22:52,250411_155128186558.jpg,qa_pass,최용훈,reviewer,EDITED,PASS,,kimchi_with_target,5
2026-10-07 14:23:45,250411_155257817932.jpg,qa_pass,최용훈,reviewer,EDITED,PASS,,kimchi_with_target,5
2026-10-07 14:25:18,250411_155343382262.jpg,qa_pass,최용훈,reviewer,EDITED,PASS,,kimchi_with_target,7
2026-10-07 14:27:58,250411_155428154120.jpg,qa_pass,최용훈,reviewer,EDITED,PASS,,kimchi_with_target,7
2026-10-07 14:29:09,250411_155518151067.jpg,qa_pass,최용훈,reviewer,EDITED,PASS,,kimchi_with_target,7
2026-10-07 12:31:30,250410_181608031071.jpg,qa_pass,박건,reviewer,DONE,PASS,,kimchi_with_target,5
2026-10-07 12:31:38,250410_181519426889.jpg,qa_pass,박건,reviewer,DONE,PASS,,kimchi_with_target,5
2026-10-07 12:31:46,250410_181313625145.jpg,qa_pass,박건,reviewer,DONE,PASS,,kimchi_with_target,5
2026-10-07 12:32:20,250410_180317754189.jpg,qa_pass,박건,reviewer,EDITED,PASS,,kimchi_with_target,6
2026-10-07 12:32:41,250410_180317754189.jpg,qa_pass,박건,reviewer,EDITED,PASS,,kimchi_with_target,6
2026-10-07 12:33:22,250410_180117079374.jpg,qa_pass,박건,reviewer,EDITED,PASS,,kimchi_with_target,5
2026-10-07 12:33:45,250410_175310273550.jpg,qa_pass,박건,reviewer,EDITED,PASS,,kimchi_with_target,6
2026-10-07 12:33:57,250410_175133040999.jpg,qa_pass,박건,reviewer,DONE,PASS,,kimchi_with_target,5
2026-10-07 12:34:30,250410_173557486868.jpg,qa_pass,박건,reviewer,DONE,PASS,,kimchi_with_target,5
2026-10-07 12:34:42,250410_172828996170.jpg,qa_pass,박건,reviewer,DONE,PASS,,kimchi_with_target,5
2026-10-07 12:34:55,250410_172417911438.jpg,qa_pass,박건,reviewer,DONE,PASS,,kimchi_with_target,5
2026-10-07 12:35:11,250410_171526553647.jpg,qa_pass,박건,reviewer,DONE,PASS,,kimchi_with_target,5
2026-10-07 12:35:19,250410_170944512953.jpg,qa_pass,박건,reviewer,DONE,PASS,,kimchi_with_target,5
2026-10-07 12:35:29,250410_170049726315.jpg,qa_pass,박건,reviewer,EDITED,PASS,,kimchi_with_target,5
2026-10-07 12:35:51,250410_170005947995.jpg,qa_pass,박건,reviewer,EDITED,PASS,,kimchi_with_target,5
2026-10-07 12:36:07,250410_160155606350.jpg,qa_pass,박건,reviewer,EDITED,PASS,,kimchi_with_target,5
2026-10-07 12:36:45,250410_155943122243.jpg,qa_pass,박건,reviewer,EDITED,PASS,,kimchi_with_target,5
2026-10-07 12:37:01,250410_155734186034.jpg,qa_pass,박건,reviewer,DONE,PASS,,kimchi_with_target,5
2026-10-07 12:37:12,250410_152531781799.jpg,qa_pass,박건,reviewer,DONE,PASS,,kimchi_with_target,5
2026-10-07 12:37:20,250410_152458884244.jpg,qa_pass,박건,reviewer,EDITED,PASS,,kimchi_with_target,5
2026-10-07 12:37:33,250410_152154012800.jpg,qa_pass,박건,reviewer,EDITED,PASS,,kimchi_with_target,5
2026-10-07 12:37:43,250410_152043730782.jpg,qa_pass,박건,reviewer,EDITED,PASS,,kimchi_with_target,5
2026-10-07 12:37:53,250410_151959551499.jpg,qa_pass,박건,reviewer,DONE,PASS,,kimchi_with_target,5
2026-10-07 12:38:17,250410_151837622952.jpg,qa_pass,박건,reviewer,DONE,PASS,,kimchi_with_target,5
2026-10-07 12:38:36,250410_150722732261.jpg,qa_pass,박건,reviewer,EDITED,PASS,,kimchi_with_target,5
2026-10-07 12:38:51,250410_145433197807.jpg,qa_pass,박건,reviewer,EDITED,PASS,,kimchi_with_target,5
2026-10-07 12:39:10,250410_145141723860.jpg,qa_pass,박건,reviewer,EDITED,PASS,,kimchi_with_target,5
2026-10-07 12:39:21,250410_144532010108.jpg,qa_pass,박건,reviewer,DONE,PASS,,kimchi_with_target,5
2026-10-07 12:39:32,250513_021711038406.jpg,qa_pass,박건,reviewer,DONE,PASS,,object_only,2
2026-10-07 12:39:38,250513_021702627527.jpg,qa_pass,박건,reviewer,DONE,PASS,,object_only,4
2026-10-07 12:40:09,250513_021653487917.jpg,qa_pass,박건,reviewer,EDITED,PASS,,object_only,4
2026-10-07 12:40:16,250513_021646222060.jpg,qa_pass,박건,reviewer,DONE,PASS,,object_only,4
2026-10-07 12:40:29,250513_021628303797.jpg,qa_pass,박건,reviewer,DONE,PASS,,object_only,4
2026-10-07 12:40:34,250513_021615909822.jpg,qa_pass,박건,reviewer,DONE,PASS,,object_only,5
2026-10-07 12:40:38,250513_021558743377.jpg,qa_pass,박건,reviewer,DONE,PASS,,object_only,5
2026-10-07 12:40:46,250513_021549661328.jpg,qa_pass,박건,reviewer,DONE,PASS,,object_only,5
2026-10-07 12:41:41,250513_021539913227.jpg,qa_pass,박건,reviewer,DONE,PASS,,object_only,5
2026-10-07 12:41:49,250513_021522087814.jpg,qa_pass,박건,reviewer,DONE,PASS,,object_only,3
2026-10-07 12:41:53,250513_021503927470.jpg,qa_pass,박건,reviewer,DONE,PASS,,object_only,3
2026-10-07 12:41:56,250513_021445620839.jpg,qa_pass,박건,reviewer,DONE,PASS,,object_only,2
2026-10-07 12:42:01,250513_021435579095.jpg,qa_pass,박건,reviewer,DONE,PASS,,object_only,3
2026-10-07 12:42:06,250513_021424892102.jpg,qa_pass,박건,reviewer,DONE,PASS,,object_only,2
2026-10-07 12:42:11,250513_021413998344.jpg,qa_pass,박건,reviewer,DONE,PASS,,object_only,3
2026-10-07 12:42:22,250513_021406217768.jpg,qa_pass,박건,reviewer,EDITED,PASS,,object_only,3
2026-10-07 12:42:40,250513_021405809512.jpg,qa_pass,박건,reviewer,EDITED,PASS,,object_only,3
2026-10-07 12:42:50,250513_021357007585.jpg,qa_pass,박건,reviewer,DONE,PASS,,object_only,3
2026-10-07 12:43:02,250513_021344514305.jpg,qa_pass,박건,reviewer,DONE,PASS,,object_only,7
2026-10-07 12:43:09,250513_021305141318.jpg,qa_pass,박건,reviewer,DONE,PASS,,object_only,1
2026-10-07 12:43:22,250513_021249058642.jpg,qa_pass,박건,reviewer,DONE,PASS,,object_only,1
2026-10-07 12:43:26,250513_021240978983.jpg,qa_pass,박건,reviewer,DONE,PASS,,object_only,1
2026-10-07 12:43:32,250513_021233704903.jpg,qa_pass,박건,reviewer,DONE,PASS,,object_only,1
2026-10-07 12:43:41,250513_021224263265.jpg,qa_pass,박건,reviewer,DONE,PASS,,object_only,2
2026-10-07 12:43:47,250513_021213190018.jpg,qa_pass,박건,reviewer,DONE,PASS,,object_only,2
2026-10-07 12:43:56,250513_021204824022.jpg,qa_pass,박건,reviewer,DONE,PASS,,object_only,1
2026-10-07 12:44:01,250513_021157703738.jpg,qa_pass,박건,reviewer,DONE,PASS,,object_only,1
2026-10-07 12:44:05,250513_021150715030.jpg,qa_pass,박건,reviewer,DONE,PASS,,object_only,1
2026-10-07 12:44:09,250513_021144766911.jpg,qa_pass,박건,reviewer,DONE,PASS,,object_only,1
2026-10-07 12:44:15,250513_021137841395.jpg,qa_pass,박건,reviewer,DONE,PASS,,object_only,2
2026-10-07 12:44:22,250513_021126718161.jpg,qa_pass,박건,reviewer,DONE,PASS,,object_only,2
2026-10-07 12:44:26,250513_021119693563.jpg,qa_pass,박건,reviewer,DONE,PASS,,object_only,1
2026-10-07 12:44:39,250513_021046362799.jpg,qa_pass,박건,reviewer,DONE,PASS,,object_only,3
2026-10-07 12:44:51,250513_021108612477.jpg,qa_pass,박건,reviewer,DONE,PASS,,object_only,2
2026-10-07 12:44:59,250513_021015212241.jpg,qa_pass,박건,reviewer,DONE,PASS,,object_only,3
2026-10-07 12:45:06,250513_021003217917.jpg,qa_pass,박건,reviewer,DONE,PASS,,object_only,3
2026-10-07 12:45:24,250513_020943104521.jpg,qa_pass,박건,reviewer,DONE,PASS,,object_only,3
2026-10-07 12:45:32,250513_020915257020.jpg,qa_pass,박건,reviewer,DONE,PASS,,object_only,2
2026-10-07 12:45:44,250513_020846723329.jpg,qa_pass,박건,reviewer,EDITED,PASS,,object_only,3
2026-10-07 12:46:09,250513_020832754654.jpg,qa_pass,박건,reviewer,DONE,PASS,,object_only,3
2026-10-07 12:46:31,250513_020818506439.jpg,qa_pass,박건,reviewer,DONE,PASS,,object_only,3
2026-10-07 12:46:37,250513_020743814028.jpg,qa_pass,박건,reviewer,DONE,PASS,,object_only,3
2026-10-07 12:46:42,250513_020644737505.jpg,qa_pass,박건,reviewer,DONE,PASS,,object_only,3
2026-10-07 12:46:51,250513_020633185824.jpg,qa_pass,박건,reviewer,DONE,PASS,,object_only,3
2026-10-07 12:47:05,250513_020621226161.jpg,qa_pass,박건,reviewer,DONE,PASS,,object_only,3
2026-10-07 12:47:13,250513_020611446070.jpg,qa_pass,박건,reviewer,DONE,PASS,,object_only,4
2026-10-07 12:47:17,250513_020558935073.jpg,qa_pass,박건,reviewer,DONE,PASS,,object_only,4
2026-10-07 12:47:26,250513_020549238232.jpg,qa_pass,박건,reviewer,DONE,PASS,,object_only,4
2026-10-07 12:47:43,250513_020538475964.jpg,qa_pass,박건,reviewer,EDITED,PASS,,object_only,6
2026-10-07 12:48:06,250513_020538475964.jpg,qa_pass,박건,reviewer,EDITED,PASS,,object_only,6
2026-10-07 12:48:19,250513_020519404101.jpg,qa_pass,박건,reviewer,EDITED,PASS,,object_only,6
2026-10-07 12:48:26,250513_020502446188.jpg,qa_pass,박건,reviewer,DONE,PASS,,object_only,4
2026-10-07 12:48:31,250513_020440264823.jpg,qa_pass,박건,reviewer,DONE,PASS,,object_only,5
2026-10-07 12:48:38,250513_020431482923.jpg,qa_pass,박건,reviewer,DONE,PASS,,object_only,5
2026-10-07 12:48:43,250513_020421725158.jpg,qa_pass,박건,reviewer,DONE,PASS,,object_only,5
2026-10-07 12:48:47,250513_020402036089.jpg,qa_pass,박건,reviewer,DONE,PASS,,object_only,4
2026-10-07 12:48:53,250513_020337379138.jpg,qa_pass,박건,reviewer,EDITED,PASS,,object_only,5
2026-10-07 12:49:09,250513_020320098243.jpg,qa_pass,박건,reviewer,DONE,PASS,,object_only,5
2026-10-07 12:49:20,250513_020304399650.jpg,qa_pass,박건,reviewer,EDITED,PASS,,object_only,6
2026-10-07 12:49:28,250513_020250961835.jpg,qa_pass,박건,reviewer,DONE,PASS,,object_only,3
2026-10-07 12:49:34,250513_020233505190.jpg,qa_pass,박건,reviewer,DONE,PASS,,object_only,4
2026-10-07 13:56:59,250513_020225144840.jpg,qa_pass,박건,reviewer,DONE,PASS,,object_only,4
2026-10-07 13:57:17,250513_020212490214.jpg,qa_pass,박건,reviewer,DONE,PASS,,object_only,4
2026-10-07 13:57:28,250513_020204533684.jpg,qa_pass,박건,reviewer,DONE,PASS,,object_only,4
2026-10-07 13:57:34,250513_020150756977.jpg,qa_pass,박건,reviewer,DONE,PASS,,object_only,3
2026-10-07 13:57:45,250513_020141991605.jpg,qa_pass,박건,reviewer,DONE,PASS,,object_only,3
2026-10-07 13:57:58,250513_020126825853.jpg,qa_pass,박건,reviewer,DONE,PASS,,object_only,2
2026-10-07 13:58:03,250513_020112593206.jpg,qa_pass,박건,reviewer,DONE,PASS,,object_only,2
2026-10-07 13:58:11,250513_020101011960.jpg,qa_pass,박건,reviewer,DONE,PASS,,object_only,3
2026-10-07 13:58:25,250513_020048358486.jpg,qa_pass,박건,reviewer,DONE,PASS,,object_only,2
2026-10-07 13:58:30,250513_020037160142.jpg,qa_pass,박건,reviewer,DONE,PASS,,object_only,2
2026-10-07 13:58:33,250513_020026421685.jpg,qa_pass,박건,reviewer,DONE,PASS,,object_only,2
2026-10-07 13:58:45,250513_020017027166.jpg,qa_pass,박건,reviewer,EDITED,PASS,,object_only,2
2026-10-07 13:58:48,250513_020008155376.jpg,qa_pass,박건,reviewer,DONE,PASS,,object_only,2
2026-10-07 13:58:53,250513_015956702950.jpg,qa_pass,박건,reviewer,DONE,PASS,,object_only,2
2026-10-07 13:58:55,250513_015943430085.jpg,qa_pass,박건,reviewer,DONE,PASS,,object_only,3
2026-10-07 13:58:57,250513_015934463160.jpg,qa_pass,박건,reviewer,DONE,PASS,,object_only,1
2026-10-07 13:59:04,250513_015923922984.jpg,qa_pass,박건,reviewer,DONE,PASS,,object_only,5
2026-10-07 13:59:09,250513_015848527907.jpg,qa_pass,박건,reviewer,DONE,PASS,,object_only,2
2026-10-07 13:59:14,250513_015835050786.jpg,qa_pass,박건,reviewer,DONE,PASS,,object_only,3
2026-10-07 13:59:27,250513_015819340200.jpg,qa_pass,박건,reviewer,DONE,PASS,,object_only,4
2026-10-07 13:59:34,250513_015757121885.jpg,qa_pass,박건,reviewer,DONE,PASS,,object_only,4
2026-10-07 14:00:03,250513_015748335568.jpg,qa_pass,박건,reviewer,DONE,PASS,,object_only,3
2026-10-07 14:00:06,250513_015737558428.jpg,qa_pass,박건,reviewer,DONE,PASS,,object_only,3
2026-10-07 14:00:07,250513_015712687737.jpg,qa_pass,박건,reviewer,DONE,PASS,,object_only,2
2026-10-07 14:00:08,250513_015705034630.jpg,qa_pass,박건,reviewer,DONE,PASS,,object_only,1
2026-10-07 14:00:14,250513_015652352412.jpg,qa_pass,박건,reviewer,DONE,PASS,,object_only,5
2026-10-07 14:00:17,250513_015643998868.jpg,qa_pass,박건,reviewer,DONE,PASS,,object_only,4
2026-10-07 14:00:23,250513_015635581130.jpg,qa_pass,박건,reviewer,DONE,PASS,,object_only,4
2026-10-07 14:00:28,250513_015607259390.jpg,qa_pass,박건,reviewer,DONE,PASS,,object_only,3
2026-10-07 14:00:37,250513_015559001262.jpg,qa_pass,박건,reviewer,DONE,PASS,,object_only,2
2026-10-07 14:00:43,250513_015550523265.jpg,qa_pass,박건,reviewer,DONE,PASS,,object_only,3
2026-10-07 14:00:49,250513_015542447244.jpg,qa_pass,박건,reviewer,DONE,PASS,,object_only,2
2026-10-07 14:00:55,250513_015532932551.jpg,qa_pass,박건,reviewer,DONE,PASS,,object_only,3
2026-10-07 14:01:03,250513_015523209371.jpg,qa_pass,박건,reviewer,DONE,PASS,,object_only,3
2026-10-07 14:01:10,250513_015514809852.jpg,qa_pass,박건,reviewer,DONE,PASS,,object_only,3
2026-10-07 14:01:22,250513_015452233667.jpg,qa_pass,박건,reviewer,DONE,PASS,,object_only,4
2026-10-07 14:01:29,250513_015442042178.jpg,qa_pass,박건,reviewer,EDITED,PASS,,object_only,3
2026-10-07 14:01:39,250513_015429479009.jpg,qa_pass,박건,reviewer,DONE,PASS,,object_only,3
2026-10-07 14:01:48,250513_015420675871.jpg,qa_pass,박건,reviewer,DONE,PASS,,object_only,3
2026-10-07 14:01:55,250513_015403580381.jpg,qa_pass,박건,reviewer,DONE,PASS,,object_only,2
2026-10-07 14:02:05,250513_015352753427.jpg,qa_pass,박건,reviewer,EDITED,PASS,,object_only,2
2026-10-07 14:02:22,250513_015342343246.jpg,qa_pass,박건,reviewer,DONE,PASS,,object_only,2
2026-10-07 14:02:31,250513_015331540104.jpg,qa_pass,박건,reviewer,DONE,PASS,,object_only,3
2026-10-07 14:02:35,250513_015246673678.jpg,qa_pass,박건,reviewer,DONE,PASS,,object_only,2
2026-10-07 14:02:38,250513_015237273675.jpg,qa_pass,박건,reviewer,DONE,PASS,,object_only,3
2026-10-07 14:02:43,250513_014839145281.jpg,qa_pass,박건,reviewer,DONE,PASS,,object_only,3
2026-10-07 14:02:56,250513_014828866941.jpg,qa_pass,박건,reviewer,DONE,PASS,,object_only,3
2026-10-07 14:03:02,250513_014819436154.jpg,qa_pass,박건,reviewer,DONE,PASS,,object_only,2
2026-10-07 14:03:07,250513_014805286637.jpg,qa_pass,박건,reviewer,DONE,PASS,,object_only,3
2026-10-07 14:03:13,250513_014744740745.jpg,qa_pass,박건,reviewer,DONE,PASS,,object_only,4
2026-10-07 14:03:23,250513_014716701635.jpg,qa_pass,박건,reviewer,DONE,PASS,,object_only,5
2026-10-07 14:03:29,250513_014651188904.jpg,qa_pass,박건,reviewer,DONE,PASS,,object_only,5
2026-10-07 14:03:38,250513_014619552198.jpg,qa_pass,박건,reviewer,DONE,PASS,,object_only,4
2026-10-07 14:03:44,250513_014250690081.jpg,qa_pass,박건,reviewer,DONE,PASS,,object_only,3
2026-10-07 14:03:53,250513_014239750324.jpg,qa_pass,박건,reviewer,DONE,PASS,,object_only,3
2026-10-07 14:03:57,250513_014220423606.jpg,qa_pass,박건,reviewer,DONE,PASS,,object_only,2
2026-10-07 14:03:59,250513_014212675091.jpg,qa_pass,박건,reviewer,DONE,PASS,,object_only,1
2026-10-07 14:04:30,250513_014148760172.jpg,qa_pass,박건,reviewer,EDITED,PASS,,object_only,5
2026-10-07 14:05:03,250424_170640733964.jpg,qa_pass,박건,reviewer,EDITED,PASS,,kimchi_with_target,5
2026-10-07 14:05:31,250424_170616179502.jpg,qa_pass,박건,reviewer,EDITED,PASS,,kimchi_with_target,5
2026-10-07 14:06:05,250424_170525843567.jpg,qa_pass,박건,reviewer,EDITED,PASS,,kimchi_with_target,5
2026-10-07 14:06:22,250424_170457181197.jpg,qa_pass,박건,reviewer,EDITED,PASS,,kimchi_with_target,6
2026-10-07 14:06:29,250424_170325776755.jpg,qa_pass,박건,reviewer,EDITED,PASS,,kimchi_with_target,5
2026-10-07 14:06:35,250424_170251913373.jpg,qa_pass,박건,reviewer,DONE,PASS,,kimchi_with_target,5
2026-10-07 14:06:44,250424_170230154929.jpg,qa_pass,박건,reviewer,DONE,PASS,,kimchi_with_target,5
2026-10-07 14:06:53,250424_170156569067.jpg,qa_pass,박건,reviewer,EDITED,PASS,,kimchi_with_target,5
2026-10-07 14:07:08,250424_170112241458.jpg,qa_pass,박건,reviewer,EDITED,PASS,,kimchi_with_target,5
2026-10-07 14:07:30,250424_170032248410.jpg,qa_pass,박건,reviewer,EDITED,PASS,,kimchi_with_target,6
2026-10-07 14:07:37,250424_170003430959.jpg,qa_pass,박건,reviewer,EDITED,PASS,,kimchi_with_target,5
2026-10-07 14:07:43,250424_165931923085.jpg,qa_pass,박건,reviewer,EDITED,PASS,,kimchi_with_target,5
2026-10-07 14:07:48,250424_165900444499.jpg,qa_pass,박건,reviewer,EDITED,PASS,,kimchi_with_target,5
2026-10-07 14:07:54,250424_165737940764.jpg,qa_pass,박건,reviewer,EDITED,PASS,,kimchi_with_target,6
2026-10-07 14:08:08,250424_165711484642.jpg,qa_pass,박건,reviewer,EDITED,PASS,,kimchi_with_target,5
2026-10-07 14:08:14,250424_165639244639.jpg,qa_pass,박건,reviewer,EDITED,PASS,,kimchi_with_target,6
2026-10-07 14:08:20,250424_165553096484.jpg,qa_pass,박건,reviewer,EDITED,PASS,,kimchi_with_target,5
2026-10-07 14:08:34,250424_165529269617.jpg,qa_pass,박건,reviewer,EDITED,PASS,,kimchi_with_target,5
2026-10-07 14:09:10,250424_165505539730.jpg,qa_pass,박건,reviewer,EDITED,PASS,,kimchi_with_target,6
2026-10-07 14:09:17,250424_165440056716.jpg,qa_pass,박건,reviewer,EDITED,PASS,,kimchi_with_target,6
2026-10-07 14:09:36,250424_165418497986.jpg,qa_pass,박건,reviewer,EDITED,PASS,,kimchi_with_target,5
2026-10-07 14:09:48,250424_165316762592.jpg,qa_pass,박건,reviewer,EDITED,PASS,,kimchi_with_target,5
2026-10-07 14:09:58,250424_165246591612.jpg,qa_pass,박건,reviewer,EDITED,PASS,,kimchi_with_target,5
2026-10-07 14:10:15,250424_165211833951.jpg,qa_pass,박건,reviewer,EDITED,PASS,,kimchi_with_target,5
2026-10-07 14:10:47,250424_165143232306.jpg,qa_pass,박건,reviewer,EDITED,PASS,,kimchi_with_target,5
2026-10-07 14:11:00,250424_165143232306.jpg,qa_pass,박건,reviewer,EDITED,PASS,,kimchi_with_target,5
2026-10-07 14:11:02,250424_165115853593.jpg,qa_pass,박건,reviewer,EDITED,PASS,,kimchi_with_target,5
2026-10-07 14:11:09,250424_165045797026.jpg,qa_pass,박건,reviewer,EDITED,PASS,,kimchi_with_target,5
2026-10-07 14:11:14,250424_165010824897.jpg,qa_pass,박건,reviewer,DONE,PASS,,kimchi_with_target,5
2026-10-07 14:11:19,250424_164942449664.jpg,qa_pass,박건,reviewer,EDITED,PASS,,kimchi_with_target,5
2026-10-07 14:11:24,250424_164910871087.jpg,qa_pass,박건,reviewer,EDITED,PASS,,kimchi_with_target,5
2026-10-07 14:11:46,250424_164836160471.jpg,qa_pass,박건,reviewer,EDITED,PASS,,kimchi_with_target,6
2026-10-07 14:12:04,250424_164801235334.jpg,qa_pass,박건,reviewer,EDITED,PASS,,kimchi_with_target,5
2026-10-07 14:12:25,250424_164734340835.jpg,qa_pass,박건,reviewer,EDITED,PASS,,kimchi_with_target,7
2026-10-07 14:12:29,250424_164708984954.jpg,qa_pass,박건,reviewer,EDITED,PASS,,kimchi_with_target,6
2026-10-07 14:12:32,250424_164637508527.jpg,qa_pass,박건,reviewer,EDITED,PASS,,kimchi_with_target,7
2026-10-07 14:12:35,250424_164535209801.jpg,qa_pass,박건,reviewer,EDITED,PASS,,kimchi_with_target,5
2026-10-07 14:12:38,250424_164455938988.jpg,qa_pass,박건,reviewer,DONE,PASS,,kimchi_with_target,5
2026-10-07 14:12:44,250424_164415645065.jpg,qa_pass,박건,reviewer,EDITED,PASS,,kimchi_with_target,5
2026-10-07 14:12:59,250424_164338285940.jpg,qa_pass,박건,reviewer,EDITED,PASS,,kimchi_with_target,9
2026-10-07 14:13:08,250424_164310605033.jpg,qa_pass,박건,reviewer,EDITED,PASS,,kimchi_with_target,6
2026-10-07 14:13:19,250424_164205945780.jpg,qa_pass,박건,reviewer,EDITED,PASS,,kimchi_with_target,5
2026-10-07 14:13:24,250424_164033250654.jpg,qa_pass,박건,reviewer,DONE,PASS,,kimchi_with_target,5
2026-10-07 14:13:37,250424_160546850518.jpg,qa_pass,박건,reviewer,DONE,PASS,,kimchi_with_target,5
2026-10-07 14:13:59,250424_160532201123.jpg,qa_pass,박건,reviewer,DONE,PASS,,kimchi_with_target,5
2026-10-07 14:14:11,250424_160456860690.jpg,qa_pass,박건,reviewer,DONE,PASS,,kimchi_with_target,5
2026-10-07 14:14:16,250424_160438120135.jpg,qa_pass,박건,reviewer,EDITED,PASS,,kimchi_with_target,5
2026-10-07 14:14:21,250424_160408720170.jpg,qa_pass,박건,reviewer,EDITED,PASS,,kimchi_with_target,5
2026-10-07 14:14:32,250424_160343037975.jpg,qa_pass,박건,reviewer,EDITED,PASS,,kimchi_with_target,5
2026-10-07 14:14:43,250424_160324182339.jpg,qa_pass,박건,reviewer,EDITED,PASS,,kimchi_with_target,5
2026-10-07 14:14:55,250424_160303658850.jpg,qa_pass,박건,reviewer,EDITED,PASS,,kimchi_with_target,5
2026-10-07 14:15:08,250424_160247658866.jpg,qa_pass,박건,reviewer,DONE,PASS,,kimchi_with_target,5
2026-10-07 14:15:12,250424_160154484717.jpg,qa_pass,박건,reviewer,DONE,PASS,,kimchi_with_target,5
2026-10-07 14:15:18,250424_160124271601.jpg,qa_pass,박건,reviewer,EDITED,PASS,,kimchi_with_target,5
2026-10-07 14:15:21,250424_160059103717.jpg,qa_pass,박건,reviewer,EDITED,PASS,,kimchi_with_target,5
2026-10-07 14:16:09,250424_160002175452.jpg,qa_pass,박건,reviewer,EDITED,PASS,,kimchi_with_target,5
2026-10-07 14:16:15,250424_155925517432.jpg,qa_pass,박건,reviewer,DONE,PASS,,kimchi_with_target,5
2026-10-07 14:16:18,250424_155824864441.jpg,qa_pass,박건,reviewer,DONE,PASS,,kimchi_with_target,5
2026-10-07 14:17:16,250424_155824864441.jpg,qa_pass,박건,reviewer,DONE,PASS,,kimchi_with_target,5
2026-10-07 14:17:22,250424_155753466380.jpg,qa_pass,박건,reviewer,DONE,PASS,,kimchi_with_target,5
2026-10-07 14:17:33,250424_155719300374.jpg,qa_pass,박건,reviewer,EDITED,PASS,,kimchi_with_target,5
2026-10-07 14:17:40,250424_155603348923.jpg,qa_pass,박건,reviewer,EDITED,PASS,,kimchi_with_target,5
2026-10-07 14:17:51,250424_155536501884.jpg,qa_pass,박건,reviewer,DONE,PASS,,kimchi_with_target,5
2026-10-07 14:17:53,250424_155536501884.jpg,qa_pass,박건,reviewer,DONE,PASS,,kimchi_with_target,5
2026-10-07 14:18:00,250424_155512166104.jpg,qa_pass,박건,reviewer,DONE,PASS,,kimchi_with_target,5
2026-10-07 14:18:06,250424_155439226083.jpg,qa_pass,박건,reviewer,EDITED,PASS,,kimchi_with_target,5
2026-10-07 14:18:23,250424_155415756891.jpg,qa_pass,박건,reviewer,DONE,PASS,,kimchi_with_target,5
2026-10-07 14:19:04,250424_155351657201.jpg,qa_pass,박건,reviewer,EDITED,PASS,,kimchi_with_target,5
2026-10-07 14:19:24,250424_155322980630.jpg,qa_pass,박건,reviewer,DONE,PASS,,kimchi_with_target,5
2026-10-07 14:19:30,250424_155250067367.jpg,qa_pass,박건,reviewer,DONE,PASS,,kimchi_with_target,5
2026-10-07 14:19:45,250424_155225119676.jpg,qa_pass,박건,reviewer,EDITED,PASS,,kimchi_with_target,5
2026-10-07 14:20:03,250424_155157438614.jpg,qa_pass,박건,reviewer,EDITED,PASS,,kimchi_with_target,5
2026-10-07 14:20:20,250424_155129094693.jpg,qa_pass,박건,reviewer,EDITED,PASS,,kimchi_with_target,5
2026-10-07 14:20:39,250424_155129094693.jpg,qa_pass,박건,reviewer,EDITED,PASS,,kimchi_with_target,5
2026-10-07 14:21:00,250424_155038372746.jpg,qa_pass,박건,reviewer,EDITED,PASS,,kimchi_with_target,5
2026-10-07 14:21:07,250424_155020308984.jpg,qa_pass,박건,reviewer,DONE,PASS,,kimchi_with_target,5
2026-10-07 14:21:16,250424_154950467801.jpg,qa_pass,박건,reviewer,EDITED,PASS,,kimchi_with_target,5
2026-10-07 14:21:26,250424_154917407586.jpg,qa_pass,박건,reviewer,EDITED,PASS,,kimchi_with_target,6
2026-10-07 14:21:36,250424_154843279325.jpg,qa_pass,박건,reviewer,EDITED,PASS,,kimchi_with_target,5
2026-10-07 14:21:47,250424_154741377185.jpg,qa_pass,박건,reviewer,DONE,PASS,,kimchi_with_target,5
2026-10-07 14:22:08,250424_154704448893.jpg,qa_pass,박건,reviewer,EDITED,PASS,,kimchi_with_target,5
2026-10-07 14:22:53,250424_154522785740.jpg,qa_pass,박건,reviewer,EDITED,PASS,,kimchi_with_target,6
2026-10-07 14:23:03,250424_154449695884.jpg,qa_pass,박건,reviewer,EDITED,PASS,,kimchi_with_target,5
2026-10-07 14:23:18,250424_154424370442.jpg,qa_pass,박건,reviewer,EDITED,PASS,,kimchi_with_target,5
2026-10-07 14:23:23,250424_154322097228.jpg,qa_pass,박건,reviewer,DONE,PASS,,kimchi_with_target,5
2026-10-07 14:23:38,250424_153545918427.jpg,qa_pass,박건,reviewer,DONE,PASS,,kimchi_with_target,5
2026-10-07 14:23:43,250424_153520639358.jpg,qa_pass,박건,reviewer,EDITED,PASS,,kimchi_with_target,5
2026-10-07 14:24:02,250424_153453270568.jpg,qa_pass,박건,reviewer,DONE,PASS,,kimchi_with_target,5
2026-10-07 14:24:04,250424_153421707254.jpg,qa_pass,박건,reviewer,DONE,PASS,,kimchi_with_target,5
2026-10-07 14:24:13,250424_153338308367.jpg,qa_pass,박건,reviewer,EDITED,PASS,,kimchi_with_target,6
2026-10-07 14:24:20,250424_153155248673.jpg,qa_pass,박건,reviewer,DONE,PASS,,kimchi_with_target,5
2026-10-07 14:24:29,250424_153120277271.jpg,qa_pass,박건,reviewer,EDITED,PASS,,kimchi_with_target,6
2026-10-07 14:24:34,250424_153015693567.jpg,qa_pass,박건,reviewer,DONE,PASS,,kimchi_with_target,5
2026-10-07 14:24:41,250424_153015693567.jpg,qa_pass,박건,reviewer,DONE,PASS,,kimchi_with_target,5
2026-10-07 14:24:44,250424_152946197348.jpg,qa_pass,박건,reviewer,DONE,PASS,,kimchi_with_target,5
2026-10-07 14:24:49,250424_152817392808.jpg,qa_pass,박건,reviewer,DONE,PASS,,kimchi_with_target,5
2026-10-07 14:24:59,250424_152713073232.jpg,qa_pass,박건,reviewer,DONE,PASS,,kimchi_with_target,5
2026-10-07 14:25:18,250424_152633071901.jpg,qa_pass,박건,reviewer,DONE,PASS,,kimchi_with_target,5
2026-10-07 14:25:34,250424_152545483072.jpg,qa_pass,박건,reviewer,DONE,PASS,,kimchi_with_target,5
2026-10-07 14:25:54,250424_152433490577.jpg,qa_pass,박건,reviewer,DONE,PASS,,kimchi_with_target,5
2026-10-07 14:26:03,250424_152358815799.jpg,qa_pass,박건,reviewer,DONE,PASS,,kimchi_with_target,5
2026-10-07 14:26:09,250424_152336292034.jpg,qa_pass,박건,reviewer,EDITED,PASS,,kimchi_with_target,6
2026-10-07 14:26:24,250424_152301409922.jpg,qa_pass,박건,reviewer,DONE,PASS,,kimchi_with_target,7
2026-10-07 12:02:53,250410_144403911987.jpg,qa_pass,이승훈,reviewer,EDITED,PASS,,kimchi_with_target,5
2026-10-07 12:05:53,250410_144449962356.jpg,qa_pass,이승훈,reviewer,EDITED,PASS,,kimchi_with_target,5
2026-10-07 12:10:00,250410_144834943618.jpg,qa_pass,이승훈,reviewer,EDITED,PASS,,kimchi_with_target,6
2026-10-07 12:12:17,250410_145037640704.jpg,qa_pass,이승훈,reviewer,EDITED,PASS,,kimchi_with_target,5
2026-10-07 12:13:33,250410_145316482671.jpg,qa_pass,이승훈,reviewer,EDITED,PASS,,kimchi_with_target,5
2026-10-07 12:13:35,250410_145316482671.jpg,qa_pass,이승훈,reviewer,EDITED,PASS,,kimchi_with_target,5
2026-10-07 12:15:33,250410_145522054916.jpg,qa_pass,이승훈,reviewer,EDITED,PASS,,kimchi_with_target,4
2026-10-07 12:16:38,250410_145804344533.jpg,qa_pass,이승훈,reviewer,EDITED,PASS,,kimchi_with_target,5
2026-10-07 12:17:08,250410_150040264734.jpg,qa_pass,이승훈,reviewer,DONE,PASS,,kimchi_with_target,5
2026-10-07 12:17:33,250410_150133469509.jpg,qa_pass,이승훈,reviewer,DONE,PASS,,kimchi_with_target,5
2026-10-07 12:18:23,250410_150216388445.jpg,qa_pass,이승훈,reviewer,DONE,PASS,,kimchi_with_target,5
2026-10-07 12:18:52,250410_150306918269.jpg,qa_pass,이승훈,reviewer,EDITED,PASS,,kimchi_with_target,5
2026-10-07 12:25:33,250411_141809689183.jpg,qa_pass,이승훈,reviewer,EDITED,PASS,,kimchi_with_target,5
2026-10-07 12:26:22,250410_150346868183.jpg,qa_pass,이승훈,reviewer,EDITED,PASS,,kimchi_with_target,5
2026-10-07 12:27:02,250410_150427011255.jpg,qa_pass,이승훈,reviewer,EDITED,PASS,,kimchi_with_target,5
2026-10-07 12:27:39,250410_150516419769.jpg,qa_pass,이승훈,reviewer,DONE,PASS,,kimchi_with_target,5
2026-10-07 12:28:19,250410_150559581998.jpg,qa_pass,이승훈,reviewer,EDITED,PASS,,kimchi_with_target,5
2026-10-07 12:29:09,250410_150635306503.jpg,qa_pass,이승훈,reviewer,EDITED,PASS,,kimchi_with_target,5
2026-10-07 12:29:31,250410_150808416709.jpg,qa_pass,이승훈,reviewer,EDITED,PASS,,kimchi_with_target,5
2026-10-07 12:30:31,250410_150808416709.jpg,qa_pass,이승훈,reviewer,EDITED,PASS,,kimchi_with_target,5
2026-10-07 12:31:57,250410_150848922166.jpg,qa_pass,이승훈,reviewer,EDITED,PASS,,kimchi_with_target,5
2026-10-07 12:33:22,250410_150949043386.jpg,qa_pass,이승훈,reviewer,EDITED,PASS,,kimchi_with_target,5
2026-10-07 12:35:28,250410_151029696229.jpg,qa_pass,이승훈,reviewer,EDITED,PASS,,kimchi_with_target,5
2026-10-07 12:35:50,250410_151029696229.jpg,qa_pass,이승훈,reviewer,EDITED,PASS,,kimchi_with_target,5
2026-10-07 12:36:43,250410_151139983231.jpg,qa_pass,이승훈,reviewer,EDITED,PASS,,kimchi_with_target,5
2026-10-07 12:37:55,250410_151231944374.jpg,qa_pass,이승훈,reviewer,EDITED,PASS,,kimchi_with_target,6
2026-10-07 12:39:27,250410_151304603268.jpg,qa_pass,이승훈,reviewer,EDITED,PASS,,kimchi_with_target,6
2026-10-07 12:40:18,250410_151341801257.jpg,qa_pass,이승훈,reviewer,EDITED,PASS,,kimchi_with_target,5
2026-10-07 12:41:39,250410_151431800368.jpg,qa_pass,이승훈,reviewer,EDITED,PASS,,kimchi_with_target,5
2026-10-07 12:43:22,250410_151504600233.jpg,qa_pass,이승훈,reviewer,EDITED,PASS,,kimchi_with_target,6
2026-10-07 12:44:47,250410_151546165963.jpg,qa_pass,이승훈,reviewer,EDITED,PASS,,kimchi_with_target,5
2026-10-07 12:48:09,250410_151631868173.jpg,qa_pass,이승훈,reviewer,EDITED,PASS,,kimchi_with_target,6
2026-10-07 12:50:50,250410_151713908283.jpg,qa_pass,이승훈,reviewer,EDITED,PASS,,kimchi_with_target,5
2026-10-07 14:04:44,250410_151754102631.jpg,qa_pass,이승훈,reviewer,EDITED,PASS,,kimchi_with_target,7
2026-10-07 14:08:11,250410_151920880325.jpg,qa_pass,이승훈,reviewer,EDITED,PASS,,kimchi_with_target,10
2026-10-07 14:09:29,250410_152120483994.jpg,qa_pass,이승훈,reviewer,EDITED,PASS,,kimchi_with_target,5
2026-10-07 14:10:44,250410_152232188708.jpg,qa_pass,이승훈,reviewer,EDITED,PASS,,kimchi_with_target,5
2026-10-07 14:12:34,250410_152308081822.jpg,qa_pass,이승훈,reviewer,EDITED,PASS,,kimchi_with_target,5
2026-10-07 14:13:31,250410_152339920357.jpg,qa_pass,이승훈,reviewer,EDITED,PASS,,kimchi_with_target,5
2026-10-07 14:14:41,250410_152413150828.jpg,qa_pass,이승훈,reviewer,EDITED,PASS,,kimchi_with_target,5
2026-10-07 14:16:43,250410_152606438450.jpg,qa_pass,이승훈,reviewer,EDITED,PASS,,kimchi_with_target,6
2026-10-07 14:19:22,250410_152647794740.jpg,qa_pass,이승훈,reviewer,EDITED,PASS,,kimchi_with_target,6
2026-10-07 14:20:58,250410_152727057876.jpg,qa_pass,이승훈,reviewer,EDITED,PASS,,kimchi_with_target,5
2026-10-07 14:22:26,250410_152802371370.jpg,qa_pass,이승훈,reviewer,EDITED,PASS,,kimchi_with_target,6
2026-10-07 14:24:40,250410_155009160971.jpg,qa_pass,이승훈,reviewer,EDITED,PASS,,kimchi_with_target,7
2026-10-07 14:26:00,250410_155526034625.jpg,qa_pass,이승훈,reviewer,EDITED,PASS,,kimchi_with_target,5
2026-10-07 14:29:03,250410_155601084144.jpg,qa_pass,이승훈,reviewer,EDITED,PASS,,kimchi_with_target,5
2026-10-07 14:30:16,250410_155641957140.jpg,qa_pass,이승훈,reviewer,EDITED,PASS,,kimchi_with_target,5
2026-10-07 14:45:42,250410_181914413029.jpg,qa_pass,최용훈,reviewer,EDITED,PASS,,kimchi_with_target,8
2026-10-07 14:48:16,250410_182048797815.jpg,qa_pass,최용훈,reviewer,EDITED,PASS,,kimchi_with_target,6
2026-10-07 14:49:11,250410_182143992189.jpg,qa_pass,최용훈,reviewer,EDITED,PASS,,kimchi_with_target,5
2026-10-07 14:59:59,250410_182834693275.jpg,qa_pass,최용훈,reviewer,EDITED,PASS,,kimchi_with_target,5
2026-10-07 15:01:21,250410_182921481743.jpg,qa_pass,최용훈,reviewer,EDITED,PASS,,kimchi_with_target,5
2026-10-07 15:04:05,250411_092158458691.jpg,qa_pass,최용훈,reviewer,EDITED,PASS,,kimchi_with_target,5
2026-10-07 15:05:17,250411_092352338943.jpg,qa_pass,최용훈,reviewer,EDITED,PASS,,kimchi_with_target,5
2026-10-07 15:08:15,250411_093234406905.jpg,qa_pass,최용훈,reviewer,EDITED,PASS,,kimchi_with_target,5
2026-10-07 15:09:30,250411_093324099646.jpg,qa_pass,최용훈,reviewer,EDITED,PASS,,kimchi_with_target,5
2026-10-07 15:10:53,250411_093519741399.jpg,qa_pass,최용훈,reviewer,EDITED,PASS,,kimchi_with_target,5
2026-10-07 15:12:16,250411_093743680890.jpg,qa_pass,최용훈,reviewer,EDITED,PASS,,kimchi_with_target,5
2026-10-07 15:13:41,250411_094259430445.jpg,qa_pass,최용훈,reviewer,EDITED,PASS,,kimchi_with_target,6
2026-10-07 15:14:49,250411_094651666580.jpg,qa_pass,최용훈,reviewer,EDITED,PASS,,kimchi_with_target,5
2026-10-07 15:16:03,250411_095401865132.jpg,qa_pass,최용훈,reviewer,EDITED,PASS,,kimchi_with_target,5
2026-10-07 15:18:10,250411_095929903223.jpg,qa_pass,최용훈,reviewer,EDITED,PASS,,kimchi_with_target,5
2026-10-07 15:19:24,250411_100158094554.jpg,qa_pass,최용훈,reviewer,EDITED,PASS,,kimchi_with_target,5
2026-10-07 15:20:59,250411_104718061502.jpg,qa_pass,최용훈,reviewer,EDITED,PASS,,kimchi_with_target,5
2026-10-07 15:21:49,250411_104956612339.jpg,qa_pass,최용훈,reviewer,EDITED,PASS,,kimchi_with_target,5
2026-10-07 15:22:44,250411_110038287967.jpg,qa_pass,최용훈,reviewer,EDITED,PASS,,kimchi_with_target,6
2026-10-07 15:23:29,250411_111004245983.jpg,qa_pass,최용훈,reviewer,EDITED,PASS,,kimchi_with_target,5
2026-10-07 15:24:55,250411_111136595839.jpg,qa_pass,최용훈,reviewer,EDITED,PASS,,kimchi_with_target,5
2026-10-07 15:25:54,250411_111313130597.jpg,qa_pass,최용훈,reviewer,EDITED,PASS,,kimchi_with_target,5
2026-10-07 15:26:35,250411_111440055274.jpg,qa_pass,최용훈,reviewer,EDITED,PASS,,kimchi_with_target,5
2026-10-07 15:27:38,250411_111721406014.jpg,qa_pass,최용훈,reviewer,EDITED,PASS,,kimchi_with_target,5
2026-10-07 15:29:11,250411_152820604579.jpg,qa_pass,최용훈,reviewer,EDITED,PASS,,kimchi_with_target,6
2026-10-07 15:29:20,250411_152820604579.jpg,qa_pass,최용훈,reviewer,EDITED,PASS,,kimchi_with_target,6
2026-10-07 15:29:39,250411_112205486359.jpg,qa_pass,최용훈,reviewer,EDITED,PASS,,kimchi_with_target,5
2026-10-07 15:30:33,250411_112446720529.jpg,qa_pass,최용훈,reviewer,EDITED,PASS,,kimchi_with_target,5
2026-10-07 15:32:42,250411_112702519484.jpg,qa_pass,최용훈,reviewer,EDITED,PASS,,kimchi_with_target,8
2026-10-07 15:33:07,250411_112702519484.jpg,qa_pass,최용훈,reviewer,EDITED,PASS,,kimchi_with_target,9
2026-10-07 13:54:47,250411_152820604579.jpg,qa_pass,심준형,reviewer,EDITED,PASS,,kimchi_with_target,6
2026-10-07 13:55:29,250411_152820604579.jpg,work_save,심준형,worker,EDITED,WAIT,,kimchi_with_target,6
2026-10-07 14:44:46,250513_022444165179.jpg,qa_pass,심준형,reviewer,EDITED,PASS,,object_only,7
2026-10-07 14:45:01,250513_022416739467.jpg,qa_pass,심준형,reviewer,DONE,PASS,,object_only,2
2026-10-07 14:45:24,250513_022402086607.jpg,qa_pass,심준형,reviewer,EDITED,PASS,,object_only,4
2026-10-07 14:45:34,250513_022352029211.jpg,qa_pass,심준형,reviewer,DONE,PASS,,object_only,3
2026-10-07 14:45:44,250513_022341564846.jpg,qa_pass,심준형,reviewer,DONE,PASS,,object_only,3
2026-10-07 14:45:50,250513_022233676410.jpg,qa_pass,심준형,reviewer,DONE,PASS,,object_only,4
2026-10-07 14:46:00,250513_022220095831.jpg,qa_pass,심준형,reviewer,EDITED,PASS,,object_only,3
2026-10-07 14:46:02,250513_022210287197.jpg,qa_pass,심준형,reviewer,DONE,PASS,,object_only,3
2026-10-07 14:46:04,250513_022144941639.jpg,qa_pass,심준형,reviewer,DONE,PASS,,object_only,2
2026-10-07 14:46:08,250513_022131908234.jpg,qa_pass,심준형,reviewer,EDITED,PASS,,object_only,2
2026-10-07 14:46:11,250513_022118763062.jpg,qa_pass,심준형,reviewer,DONE,PASS,,object_only,3
2026-10-07 14:46:15,250513_022057115759.jpg,qa_pass,심준형,reviewer,EDITED,PASS,,object_only,3
2026-10-07 14:46:50,250513_022041431304.jpg,qa_pass,심준형,reviewer,DONE,PASS,,object_only,4
2026-10-07 14:46:57,250513_022029312836.jpg,qa_pass,심준형,reviewer,DONE,PASS,,object_only,3
2026-10-07 14:47:01,250513_022020042401.jpg,qa_pass,심준형,reviewer,EDITED,PASS,,object_only,3
2026-10-07 14:47:17,250513_022002033052.jpg,qa_pass,심준형,reviewer,DONE,PASS,,object_only,1
2026-10-07 14:47:19,250513_021952888560.jpg,qa_pass,심준형,reviewer,DONE,PASS,,object_only,2
2026-10-07 14:47:25,250513_021942681060.jpg,qa_pass,심준형,reviewer,DONE,PASS,,object_only,3
2026-10-07 14:48:22,250513_021933338649.jpg,qa_pass,심준형,reviewer,DONE,PASS,,object_only,4
2026-10-07 14:49:16,250513_021933338649.jpg,qa_reject,심준형,reviewer,REVIEW,WAIT,class_ambiguous,object_only,4
2026-10-07 14:49:33,250513_021933338649.jpg,qa_pass,심준형,reviewer,DONE,PASS,,object_only,4
2026-10-07 14:49:36,250513_021922770294.jpg,qa_pass,심준형,reviewer,DONE,PASS,,object_only,3
2026-10-07 14:49:40,250513_021911942196.jpg,qa_pass,심준형,reviewer,DONE,PASS,,object_only,3
2026-10-07 14:49:43,250513_021900840954.jpg,qa_pass,심준형,reviewer,DONE,PASS,,object_only,3
2026-10-07 14:49:45,250513_021851164524.jpg,qa_pass,심준형,reviewer,EDITED,PASS,,object_only,3
2026-10-07 14:49:48,250513_021837552190.jpg,qa_pass,심준형,reviewer,EDITED,PASS,,object_only,4
2026-10-07 14:49:56,250513_021827419874.jpg,qa_pass,심준형,reviewer,EDITED,PASS,,object_only,4
2026-10-07 14:49:58,250513_021804963969.jpg,qa_pass,심준형,reviewer,DONE,PASS,,object_only,3
2026-10-07 14:50:11,250513_021752644486.jpg,qa_pass,심준형,reviewer,DONE,PASS,,object_only,4
2026-10-07 14:50:13,250513_021739998611.jpg,qa_pass,심준형,reviewer,DONE,PASS,,object_only,3
2026-10-07 14:50:16,250513_021732352571.jpg,qa_pass,심준형,reviewer,DONE,PASS,,object_only,3
2026-10-07 14:50:17,250513_021719424551.jpg,qa_pass,심준형,reviewer,EDITED,PASS,,object_only,4
2026-10-07 14:50:29,250424_170546955381.jpg,qa_pass,심준형,reviewer,DONE,PASS,,kimchi_with_target,5
2026-10-07 14:51:05,250424_170349029554.jpg,qa_pass,심준형,reviewer,DONE,PASS,,kimchi_with_target,5
2026-10-07 14:51:12,250424_165805730646.jpg,qa_pass,심준형,reviewer,EDITED,PASS,,kimchi_with_target,5
2026-10-07 14:51:43,250424_165356368327.jpg,qa_pass,심준형,reviewer,EDITED,PASS,,kimchi_with_target,5
2026-10-07 14:53:25,250424_164608823093.jpg,qa_pass,심준형,reviewer,EDITED,PASS,,kimchi_with_target,6
2026-10-07 14:53:48,250424_164235214851.jpg,qa_pass,심준형,reviewer,EDITED,PASS,,kimchi_with_target,7
2026-10-07 14:54:01,250424_164139809945.jpg,qa_pass,심준형,reviewer,DONE,PASS,,kimchi_with_target,5
2026-10-07 14:54:10,250424_164108548301.jpg,qa_pass,심준형,reviewer,DONE,PASS,,kimchi_with_target,5
2026-10-07 14:54:17,250424_160514972268.jpg,qa_pass,심준형,reviewer,EDITED,PASS,,kimchi_with_target,5
2026-10-07 14:54:26,250424_160024860603.jpg,qa_pass,심준형,reviewer,DONE,PASS,,kimchi_with_target,5
2026-10-07 14:54:34,250424_155903753937.jpg,qa_pass,심준형,reviewer,DONE,PASS,,kimchi_with_target,5
2026-10-07 14:54:51,250424_155647704752.jpg,qa_pass,심준형,reviewer,EDITED,PASS,,kimchi_with_target,5
2026-10-07 14:55:03,250424_155623994647.jpg,qa_pass,심준형,reviewer,DONE,PASS,,kimchi_with_target,5
2026-10-07 14:55:07,250424_155103672911.jpg,qa_pass,심준형,reviewer,DONE,PASS,,kimchi_with_target,4
2026-10-07 14:55:14,250424_154812782976.jpg,qa_pass,심준형,reviewer,DONE,PASS,,kimchi_with_target,5
2026-10-07 14:55:30,250424_154617146128.jpg,qa_pass,심준형,reviewer,EDITED,PASS,,kimchi_with_target,5
2026-10-07 14:55:50,250424_154345201732.jpg,qa_pass,심준형,reviewer,EDITED,PASS,,kimchi_with_target,5
2026-10-07 14:57:49,250424_153617318943.jpg,qa_pass,심준형,reviewer,EDITED,PASS,,kimchi_with_target,6
2026-10-07 14:58:02,250424_153311253394.jpg,qa_pass,심준형,reviewer,EDITED,PASS,,kimchi_with_target,6
2026-10-07 14:58:18,250424_153231474040.jpg,qa_pass,심준형,reviewer,DONE,PASS,,kimchi_with_target,5
2026-10-07 14:58:29,250424_152915766700.jpg,qa_pass,심준형,reviewer,DONE,PASS,,kimchi_with_target,5
2026-10-07 14:58:46,250424_152845371656.jpg,qa_pass,심준형,reviewer,EDITED,PASS,,kimchi_with_target,8
2026-10-07 14:58:54,250424_152501766895.jpg,qa_pass,심준형,reviewer,DONE,PASS,,kimchi_with_target,5
2026-10-07 14:59:01,250424_151540089453.jpg,qa_pass,심준형,reviewer,DONE,PASS,,kimchi_with_target,5
2026-10-07 14:59:15,250424_151403291574.jpg,qa_pass,심준형,reviewer,EDITED,PASS,,kimchi_with_target,5
2026-10-07 14:59:32,250424_151011160174.jpg,qa_pass,심준형,reviewer,EDITED,PASS,,kimchi_with_target,8
2026-10-07 15:00:50,250424_150822430768.jpg,qa_pass,심준형,reviewer,EDITED,PASS,,kimchi_with_target,7
2026-10-07 15:02:12,250424_150657426032.jpg,qa_pass,심준형,reviewer,EDITED,PASS,,kimchi_with_target,8
2026-10-07 15:02:23,250424_150428766903.jpg,qa_pass,심준형,reviewer,DONE,PASS,,kimchi_with_target,6
2026-10-07 15:04:12,250424_150358295363.jpg,qa_pass,심준형,reviewer,EDITED,PASS,,kimchi_with_target,8
2026-10-07 15:04:24,250424_143454496733.jpg,qa_pass,심준형,reviewer,EDITED,PASS,,kimchi_with_target,6
2026-10-07 15:04:36,250424_143312128093.jpg,qa_pass,심준형,reviewer,EDITED,PASS,,kimchi_with_target,7
2026-10-07 15:04:41,250424_141906362111.jpg,qa_pass,심준형,reviewer,EDITED,PASS,,kimchi_with_target,5
2026-10-07 15:04:49,250424_141117326057.jpg,qa_pass,심준형,reviewer,DONE,PASS,,kimchi_with_target,5
2026-10-07 15:05:00,250424_141046132793.jpg,qa_pass,심준형,reviewer,EDITED,PASS,,kimchi_with_target,8
2026-10-07 15:05:19,250424_141008289141.jpg,qa_pass,심준형,reviewer,DONE,PASS,,kimchi_with_target,5
2026-10-07 15:05:28,250424_140927386469.jpg,qa_pass,심준형,reviewer,EDITED,PASS,,kimchi_with_target,6
2026-10-07 15:05:52,250424_140147957962.jpg,qa_pass,심준형,reviewer,EDITED,PASS,,kimchi_with_target,8
2026-10-07 15:06:03,250424_135437428949.jpg,qa_pass,심준형,reviewer,DONE,PASS,,kimchi_with_target,5
2026-10-07 15:06:18,250424_135228979866.jpg,qa_pass,심준형,reviewer,EDITED,PASS,,kimchi_with_target,6
2026-10-07 15:08:29,250424_134711838797.jpg,qa_pass,심준형,reviewer,EDITED,PASS,,kimchi_with_target,7
2026-10-07 15:08:40,250424_134609468397.jpg,qa_pass,심준형,reviewer,EDITED,PASS,,kimchi_with_target,5
2026-10-07 15:09:00,250424_134528641228.jpg,qa_pass,심준형,reviewer,DONE,PASS,,kimchi_with_target,6
2026-10-07 15:09:16,250424_133822721787.jpg,qa_pass,심준형,reviewer,DONE,PASS,,kimchi_with_target,7
2026-10-07 15:11:18,250424_133601135830.jpg,qa_pass,심준형,reviewer,EDITED,PASS,,kimchi_with_target,6
2026-10-07 15:11:35,250424_133503096161.jpg,qa_pass,심준형,reviewer,EDITED,PASS,,kimchi_with_target,7
2026-10-07 15:11:42,250424_133425417139.jpg,qa_pass,심준형,reviewer,DONE,PASS,,kimchi_with_target,6
2026-10-07 15:11:53,250424_132417140373.jpg,qa_pass,심준형,reviewer,DONE,PASS,,kimchi_with_target,5
2026-10-07 15:12:01,250424_131740237196.jpg,qa_pass,심준형,reviewer,EDITED,PASS,,kimchi_with_target,7
2026-10-07 15:12:08,250424_131605365916.jpg,qa_pass,심준형,reviewer,DONE,PASS,,kimchi_with_target,6
2026-10-07 15:12:29,250424_131537176736.jpg,qa_pass,심준형,reviewer,EDITED,PASS,,kimchi_with_target,6
2026-10-07 15:12:38,250424_131447980205.jpg,qa_pass,심준형,reviewer,DONE,PASS,,kimchi_with_target,6
2026-10-07 15:12:43,250424_131300572776.jpg,qa_pass,심준형,reviewer,EDITED,PASS,,kimchi_with_target,6
2026-10-07 15:12:59,250424_114752056861.jpg,qa_pass,심준형,reviewer,DONE,PASS,,kimchi_with_target,5
2026-10-07 15:14:25,250424_114541448139.jpg,qa_pass,심준형,reviewer,EDITED,PASS,,kimchi_with_target,7
2026-10-07 15:14:50,250424_114427299303.jpg,qa_pass,심준형,reviewer,DONE,PASS,,kimchi_with_target,5
2026-10-07 15:15:01,250424_114354919791.jpg,qa_pass,심준형,reviewer,EDITED,PASS,,kimchi_with_target,8
2026-10-07 15:15:13,250424_113017660157.jpg,qa_pass,심준형,reviewer,EDITED,PASS,,kimchi_with_target,7
2026-10-07 15:15:41,250424_112714928952.jpg,qa_pass,심준형,reviewer,EDITED,PASS,,kimchi_with_target,6
2026-10-07 15:17:20,250424_112553658191.jpg,qa_pass,심준형,reviewer,EDITED,PASS,,kimchi_with_target,6
2026-10-07 15:18:36,250424_112520861551.jpg,qa_pass,심준형,reviewer,EDITED,PASS,,kimchi_with_target,6
2026-10-07 15:18:56,250424_112256216378.jpg,qa_pass,심준형,reviewer,DONE,PASS,,kimchi_with_target,10
2026-10-07 15:19:06,250424_111341945533.jpg,qa_pass,심준형,reviewer,EDITED,PASS,,kimchi_with_target,7
2026-10-07 15:19:39,250424_111106537338.jpg,qa_pass,심준형,reviewer,EDITED,PASS,,kimchi_with_target,6
2026-10-07 15:19:49,250424_110422490499.jpg,qa_pass,심준형,reviewer,DONE,PASS,,kimchi_with_target,7
2026-10-07 15:19:57,250424_110344645163.jpg,qa_pass,심준형,reviewer,DONE,PASS,,kimchi_with_target,6
2026-10-07 15:20:25,250424_110320866054.jpg,qa_pass,심준형,reviewer,EDITED,PASS,,kimchi_with_target,7
2026-10-07 15:21:33,250424_105826238840.jpg,qa_pass,심준형,reviewer,EDITED,PASS,,kimchi_with_target,7
2026-10-07 15:21:47,250411_163231309394.jpg,qa_pass,심준형,reviewer,DONE,PASS,,kimchi_with_target,5
2026-10-07 15:21:54,250411_162846129980.jpg,qa_pass,심준형,reviewer,DONE,PASS,,kimchi_with_target,5
2026-10-07 15:22:03,250411_162535290470.jpg,qa_pass,심준형,reviewer,EDITED,PASS,,kimchi_with_target,5
2026-10-07 15:22:12,250411_162400775089.jpg,qa_pass,심준형,reviewer,EDITED,PASS,,kimchi_with_target,5
2026-10-07 15:22:23,250411_162102317297.jpg,qa_pass,심준형,reviewer,EDITED,PASS,,kimchi_with_target,6
2026-10-07 15:22:36,250411_161204714653.jpg,qa_pass,심준형,reviewer,DONE,PASS,,kimchi_with_target,5
2026-10-07 15:22:45,250411_161125175112.jpg,qa_pass,심준형,reviewer,DONE,PASS,,kimchi_with_target,5
2026-10-07 15:22:58,250411_160845945710.jpg,qa_pass,심준형,reviewer,EDITED,PASS,,kimchi_with_target,5
2026-10-07 15:23:06,250411_160333681517.jpg,qa_pass,심준형,reviewer,DONE,PASS,,kimchi_with_target,5
2026-10-07 15:23:27,250411_155213979703.jpg,qa_pass,심준형,reviewer,DONE,PASS,,kimchi_with_target,5
2026-10-07 15:25:01,250411_154859817171.jpg,qa_pass,심준형,reviewer,EDITED,PASS,,kimchi_with_target,6
2026-10-07 15:25:15,250411_153856079886.jpg,qa_pass,심준형,reviewer,DONE,PASS,,kimchi_with_target,5
2026-10-07 15:25:46,250411_153254824777.jpg,qa_pass,심준형,reviewer,DONE,PASS,,kimchi_with_target,5
2026-10-07 15:26:35,250411_141637675543.jpg,qa_pass,심준형,reviewer,EDITED,PASS,,kimchi_with_target,5
2026-10-07 15:26:56,250411_141549265009.jpg,qa_pass,심준형,reviewer,EDITED,PASS,,kimchi_with_target,5
2026-10-07 15:27:09,250411_141127764893.jpg,qa_pass,심준형,reviewer,EDITED,PASS,,kimchi_with_target,6
2026-10-07 15:27:18,250411_140406550160.jpg,qa_pass,심준형,reviewer,EDITED,PASS,,kimchi_with_target,6
2026-10-07 15:27:26,250411_135428632799.jpg,qa_pass,심준형,reviewer,EDITED,PASS,,kimchi_with_target,5
2026-10-07 15:27:35,250411_134338103210.jpg,qa_pass,심준형,reviewer,EDITED,PASS,,kimchi_with_target,5
2026-10-07 15:28:29,250411_134156935624.jpg,qa_pass,심준형,reviewer,EDITED,PASS,,kimchi_with_target,6
2026-10-07 15:28:45,250411_133907433178.jpg,qa_pass,심준형,reviewer,EDITED,PASS,,kimchi_with_target,5
2026-10-07 15:29:11,250411_113904005033.jpg,qa_pass,심준형,reviewer,EDITED,PASS,,kimchi_with_target,5
2026-10-07 15:30:17,250411_113506054354.jpg,qa_pass,심준형,reviewer,EDITED,PASS,,kimchi_with_target,6
2026-10-07 15:30:34,250411_112741745606.jpg,qa_pass,심준형,reviewer,DONE,PASS,,kimchi_with_target,5
2026-10-07 14:40:32,250424_152218486902.jpg,qa_pass,박건,reviewer,DONE,PASS,,kimchi_with_target,6
2026-10-07 14:40:45,250424_151740506562.jpg,qa_pass,박건,reviewer,DONE,PASS,,kimchi_with_target,5
2026-10-07 14:40:56,250424_151649731424.jpg,qa_pass,박건,reviewer,DONE,PASS,,kimchi_with_target,6
2026-10-07 14:41:06,250424_151612445088.jpg,qa_pass,박건,reviewer,DONE,PASS,,kimchi_with_target,5
2026-10-07 14:41:19,250424_151459859261.jpg,qa_pass,박건,reviewer,DONE,PASS,,kimchi_with_target,6
2026-10-07 14:41:28,250424_151431421246.jpg,qa_pass,박건,reviewer,EDITED,PASS,,kimchi_with_target,7
2026-10-07 14:41:41,250424_151328835745.jpg,qa_pass,박건,reviewer,DONE,PASS,,kimchi_with_target,6
2026-10-07 14:42:22,250424_151249899389.jpg,qa_pass,박건,reviewer,EDITED,PASS,,kimchi_with_target,10
2026-10-07 14:42:33,250424_151209385709.jpg,qa_pass,박건,reviewer,DONE,PASS,,kimchi_with_target,5
2026-10-07 14:42:43,250424_151144785207.jpg,qa_pass,박건,reviewer,DONE,PASS,,kimchi_with_target,5
2026-10-07 14:42:54,250424_151110625683.jpg,qa_pass,박건,reviewer,DONE,PASS,,kimchi_with_target,6
2026-10-07 14:43:04,250424_151045537032.jpg,qa_pass,박건,reviewer,DONE,PASS,,kimchi_with_target,6
2026-10-07 14:43:34,250424_150932563138.jpg,qa_pass,박건,reviewer,EDITED,PASS,,kimchi_with_target,8
2026-10-07 14:44:11,250424_150908898857.jpg,qa_pass,박건,reviewer,EDITED,PASS,,kimchi_with_target,6
2026-10-07 14:44:22,250424_150751737200.jpg,qa_pass,박건,reviewer,DONE,PASS,,kimchi_with_target,8
2026-10-07 14:44:35,250424_150726922844.jpg,qa_pass,박건,reviewer,DONE,PASS,,kimchi_with_target,6
2026-10-07 14:44:46,250424_150626550405.jpg,qa_pass,박건,reviewer,DONE,PASS,,kimchi_with_target,6
2026-10-07 14:45:14,250424_150601578171.jpg,qa_pass,박건,reviewer,EDITED,PASS,,kimchi_with_target,6
2026-10-07 14:45:26,250424_150530068599.jpg,qa_pass,박건,reviewer,DONE,PASS,,kimchi_with_target,6
2026-10-07 14:45:43,250424_150320374794.jpg,qa_pass,박건,reviewer,EDITED,PASS,,kimchi_with_target,8
2026-10-07 14:45:55,250424_143523864568.jpg,qa_pass,박건,reviewer,DONE,PASS,,kimchi_with_target,6
2026-10-07 14:46:08,250424_143423334547.jpg,qa_pass,박건,reviewer,DONE,PASS,,kimchi_with_target,5
2026-10-07 14:46:52,250424_143340574867.jpg,qa_pass,박건,reviewer,EDITED,PASS,,kimchi_with_target,5
2026-10-07 14:47:19,250424_143219410463.jpg,qa_pass,박건,reviewer,EDITED,PASS,,kimchi_with_target,7
2026-10-07 14:47:30,250424_143141044687.jpg,qa_pass,박건,reviewer,DONE,PASS,,kimchi_with_target,5
2026-10-07 14:47:41,250424_143107609014.jpg,qa_pass,박건,reviewer,DONE,PASS,,kimchi_with_target,6
2026-10-07 14:47:55,250424_143044127420.jpg,qa_pass,박건,reviewer,DONE,PASS,,kimchi_with_target,5
2026-10-07 14:48:18,250424_143017228317.jpg,qa_pass,박건,reviewer,DONE,PASS,,kimchi_with_target,7
2026-10-07 14:48:35,250424_142938362989.jpg,qa_pass,박건,reviewer,DONE,PASS,,kimchi_with_target,6
2026-10-07 14:48:53,250424_142911137938.jpg,qa_pass,박건,reviewer,DONE,PASS,,kimchi_with_target,7
2026-10-07 14:49:04,250424_142834656188.jpg,qa_pass,박건,reviewer,DONE,PASS,,kimchi_with_target,6
2026-10-07 14:49:14,250424_142806480763.jpg,qa_pass,박건,reviewer,DONE,PASS,,kimchi_with_target,7
2026-10-07 14:49:28,250424_142728989367.jpg,qa_pass,박건,reviewer,EDITED,PASS,,kimchi_with_target,6
2026-10-07 14:49:36,250424_142652562190.jpg,qa_pass,박건,reviewer,DONE,PASS,,kimchi_with_target,6
2026-10-07 14:49:59,250424_142625989941.jpg,qa_pass,박건,reviewer,EDITED,PASS,,kimchi_with_target,7
2026-10-07 14:50:10,250424_142552771765.jpg,qa_pass,박건,reviewer,DONE,PASS,,kimchi_with_target,7
2026-10-07 14:50:19,250424_142525298132.jpg,qa_pass,박건,reviewer,DONE,PASS,,kimchi_with_target,6
2026-10-07 14:50:31,250424_142451194734.jpg,qa_pass,박건,reviewer,DONE,PASS,,kimchi_with_target,10
2026-10-07 14:50:45,250424_142408511885.jpg,qa_pass,박건,reviewer,DONE,PASS,,kimchi_with_target,5
2026-10-07 14:51:14,250424_142338011529.jpg,qa_pass,박건,reviewer,EDITED,PASS,,kimchi_with_target,5
2026-10-07 14:51:28,250424_142310994229.jpg,qa_pass,박건,reviewer,DONE,PASS,,kimchi_with_target,7
2026-10-07 14:51:59,250424_142245033292.jpg,qa_pass,박건,reviewer,EDITED,PASS,,kimchi_with_target,8
2026-10-07 14:52:06,250424_142211379999.jpg,qa_pass,박건,reviewer,DONE,PASS,,kimchi_with_target,7
2026-10-07 14:52:14,250424_142134495262.jpg,qa_pass,박건,reviewer,DONE,PASS,,kimchi_with_target,5
2026-10-07 14:52:20,250424_142109515979.jpg,qa_pass,박건,reviewer,DONE,PASS,,kimchi_with_target,5
2026-10-07 14:52:30,250424_142046745378.jpg,qa_pass,박건,reviewer,DONE,PASS,,kimchi_with_target,5
2026-10-07 14:52:38,250424_142024804916.jpg,qa_pass,박건,reviewer,DONE,PASS,,kimchi_with_target,5
2026-10-07 14:52:46,250424_141936963734.jpg,qa_pass,박건,reviewer,EDITED,PASS,,kimchi_with_target,6
2026-10-07 14:52:56,250424_141831775241.jpg,qa_pass,박건,reviewer,DONE,PASS,,kimchi_with_target,5
2026-10-07 14:53:04,250424_141749469834.jpg,qa_pass,박건,reviewer,DONE,PASS,,kimchi_with_target,5
2026-10-07 14:53:16,250424_141652963394.jpg,qa_pass,박건,reviewer,DONE,PASS,,kimchi_with_target,6
2026-10-07 14:53:30,250424_141625234055.jpg,qa_pass,박건,reviewer,DONE,PASS,,kimchi_with_target,5
2026-10-07 14:53:48,250424_141556763818.jpg,qa_pass,박건,reviewer,DONE,PASS,,kimchi_with_target,6
2026-10-07 14:53:56,250424_141518822839.jpg,qa_pass,박건,reviewer,EDITED,PASS,,kimchi_with_target,5
2026-10-07 14:54:22,250424_141451512347.jpg,qa_pass,박건,reviewer,EDITED,PASS,,kimchi_with_target,6
2026-10-07 14:54:36,250424_141414962071.jpg,qa_pass,박건,reviewer,DONE,PASS,,kimchi_with_target,6
2026-10-07 14:54:56,250424_141347737368.jpg,qa_pass,박건,reviewer,DONE,PASS,,kimchi_with_target,6
2026-10-07 14:55:04,250424_141311988574.jpg,qa_pass,박건,reviewer,DONE,PASS,,kimchi_with_target,4
2026-10-07 14:55:15,250424_141236657334.jpg,qa_pass,박건,reviewer,EDITED,PASS,,kimchi_with_target,7
2026-10-07 14:55:27,250424_141205147850.jpg,qa_pass,박건,reviewer,DONE,PASS,,kimchi_with_target,5
2026-10-07 14:55:39,250424_140827554248.jpg,qa_pass,박건,reviewer,DONE,PASS,,kimchi_with_target,5
2026-10-07 14:56:00,250424_140751922758.jpg,qa_pass,박건,reviewer,EDITED,PASS,,kimchi_with_target,7
2026-10-07 14:56:05,250424_140721608012.jpg,qa_pass,박건,reviewer,DONE,PASS,,kimchi_with_target,5
2026-10-07 14:56:11,250424_140115786154.jpg,qa_pass,박건,reviewer,EDITED,PASS,,kimchi_with_target,8
2026-10-07 15:02:52,250424_140037360411.jpg,qa_pass,박건,reviewer,EDITED,PASS,,kimchi_with_target,6
2026-10-07 15:02:59,250424_135944045455.jpg,qa_pass,박건,reviewer,DONE,PASS,,kimchi_with_target,6
2026-10-07 15:03:49,250424_135855115910.jpg,qa_pass,박건,reviewer,EDITED,PASS,,kimchi_with_target,7
2026-10-07 15:03:58,250424_135756404426.jpg,qa_pass,박건,reviewer,DONE,PASS,,kimchi_with_target,8
2026-10-07 15:04:05,250424_135732439823.jpg,qa_pass,박건,reviewer,DONE,PASS,,kimchi_with_target,6
2026-10-07 15:04:14,250424_135655980687.jpg,qa_pass,박건,reviewer,DONE,PASS,,kimchi_with_target,6
2026-10-07 15:04:33,250424_135619213899.jpg,qa_pass,박건,reviewer,DONE,PASS,,kimchi_with_target,6
2026-10-07 15:05:09,250424_135531230106.jpg,qa_pass,박건,reviewer,DONE,PASS,,kimchi_with_target,5
2026-10-07 15:05:18,250424_135501509505.jpg,qa_pass,박건,reviewer,DONE,PASS,,kimchi_with_target,5
2026-10-07 15:05:30,250424_135403978558.jpg,qa_pass,박건,reviewer,DONE,PASS,,kimchi_with_target,6
2026-10-07 15:05:37,250424_135259190207.jpg,qa_pass,박건,reviewer,DONE,PASS,,kimchi_with_target,6
2026-10-07 15:05:49,250424_134810265899.jpg,qa_pass,박건,reviewer,DONE,PASS,,kimchi_with_target,7
2026-10-07 15:05:58,250424_134742403318.jpg,qa_pass,박건,reviewer,DONE,PASS,,kimchi_with_target,6
2026-10-07 15:06:04,250424_134638430765.jpg,qa_pass,박건,reviewer,DONE,PASS,,kimchi_with_target,6
2026-10-07 15:06:18,250424_134458172998.jpg,qa_pass,박건,reviewer,EDITED,PASS,,kimchi_with_target,6
2026-10-07 15:06:45,250424_134406959434.jpg,qa_pass,박건,reviewer,EDITED,PASS,,kimchi_with_target,5
2026-10-07 15:08:22,250424_134338803481.jpg,qa_pass,박건,reviewer,EDITED,PASS,,kimchi_with_target,6
2026-10-07 15:08:30,250424_134312393649.jpg,qa_pass,박건,reviewer,DONE,PASS,,kimchi_with_target,5
2026-10-07 15:09:29,250424_134225907817.jpg,qa_pass,박건,reviewer,EDITED,PASS,,kimchi_with_target,6
2026-10-07 15:09:37,250424_134151883902.jpg,qa_pass,박건,reviewer,DONE,PASS,,kimchi_with_target,5
2026-10-07 15:09:49,250424_134126674217.jpg,qa_pass,박건,reviewer,DONE,PASS,,kimchi_with_target,5
2026-10-07 15:10:04,250424_134108731645.jpg,qa_pass,박건,reviewer,EDITED,PASS,,kimchi_with_target,6
2026-10-07 15:10:24,250424_134045604000.jpg,qa_pass,박건,reviewer,EDITED,PASS,,kimchi_with_target,6
2026-10-07 15:10:32,250424_134022709122.jpg,qa_pass,박건,reviewer,DONE,PASS,,kimchi_with_target,6
2026-10-07 15:10:44,250424_133952219104.jpg,qa_pass,박건,reviewer,DONE,PASS,,kimchi_with_target,5
2026-10-07 15:11:04,250424_133917633597.jpg,qa_pass,박건,reviewer,EDITED,PASS,,kimchi_with_target,6
2026-10-07 15:11:07,250424_133917633597.jpg,qa_pass,박건,reviewer,EDITED,PASS,,kimchi_with_target,6
2026-10-07 15:11:20,250424_133848190733.jpg,qa_pass,박건,reviewer,EDITED,PASS,,kimchi_with_target,5
2026-10-07 15:12:00,250424_133746717037.jpg,qa_pass,박건,reviewer,EDITED,PASS,,kimchi_with_target,7
2026-10-07 15:12:31,250424_133722168136.jpg,qa_pass,박건,reviewer,EDITED,PASS,,kimchi_with_target,6
2026-10-07 15:12:38,250424_133656915044.jpg,qa_pass,박건,reviewer,DONE,PASS,,kimchi_with_target,6
2026-10-07 15:12:59,250424_133629807292.jpg,qa_pass,박건,reviewer,EDITED,PASS,,kimchi_with_target,6
2026-10-07 15:13:09,250424_133529972703.jpg,qa_pass,박건,reviewer,DONE,PASS,,kimchi_with_target,7
2026-10-07 15:13:16,250424_133357022002.jpg,qa_pass,박건,reviewer,DONE,PASS,,kimchi_with_target,5
2026-10-07 15:13:25,250424_133336623350.jpg,qa_pass,박건,reviewer,DONE,PASS,,kimchi_with_target,6
2026-10-07 15:13:30,250424_133306190678.jpg,qa_pass,박건,reviewer,DONE,PASS,,kimchi_with_target,5
2026-10-07 15:13:38,250424_133236037318.jpg,qa_pass,박건,reviewer,DONE,PASS,,kimchi_with_target,5
2026-10-07 15:13:46,250424_133202379766.jpg,qa_pass,박건,reviewer,DONE,PASS,,kimchi_with_target,6
2026-10-07 15:13:59,250424_133117662886.jpg,qa_pass,박건,reviewer,DONE,PASS,,kimchi_with_target,5
2026-10-07 15:14:25,250424_133043450183.jpg,qa_pass,박건,reviewer,DONE,PASS,,kimchi_with_target,5
2026-10-07 15:15:21,250424_132758494169.jpg,qa_pass,박건,reviewer,DONE,PASS,,kimchi_with_target,6
2026-10-07 15:15:38,250424_132732143495.jpg,qa_pass,박건,reviewer,DONE,PASS,,kimchi_with_target,5
2026-10-07 15:16:10,250424_132651301309.jpg,qa_pass,박건,reviewer,DONE,PASS,,kimchi_with_target,7
2026-10-07 15:16:20,250424_132624325595.jpg,qa_pass,박건,reviewer,DONE,PASS,,kimchi_with_target,7
2026-10-07 15:16:28,250424_132551814312.jpg,qa_pass,박건,reviewer,DONE,PASS,,kimchi_with_target,5
2026-10-07 15:16:38,250424_132349669195.jpg,qa_pass,박건,reviewer,DONE,PASS,,kimchi_with_target,6
2026-10-07 15:16:46,250424_132322938300.jpg,qa_pass,박건,reviewer,DONE,PASS,,kimchi_with_target,6
2026-10-07 15:17:06,250424_132300685668.jpg,qa_pass,박건,reviewer,EDITED,PASS,,kimchi_with_target,6
2026-10-07 15:17:28,250424_132230751822.jpg,qa_pass,박건,reviewer,EDITED,PASS,,kimchi_with_target,6
2026-10-07 15:17:37,250424_131927234268.jpg,qa_pass,박건,reviewer,EDITED,PASS,,kimchi_with_target,5
2026-10-07 15:18:20,250424_131847882251.jpg,qa_pass,박건,reviewer,DONE,PASS,,kimchi_with_target,5
2026-10-07 15:18:36,250424_131814741865.jpg,qa_pass,박건,reviewer,DONE,PASS,,kimchi_with_target,6
2026-10-07 15:18:53,250424_131717240598.jpg,qa_pass,박건,reviewer,DONE,PASS,,kimchi_with_target,7
2026-10-07 15:18:58,250424_131652631597.jpg,qa_pass,박건,reviewer,DONE,PASS,,kimchi_with_target,6
2026-10-07 15:19:02,250424_131628719461.jpg,qa_pass,박건,reviewer,DONE,PASS,,kimchi_with_target,5
2026-10-07 15:19:07,250424_131408934842.jpg,qa_pass,박건,reviewer,DONE,PASS,,kimchi_with_target,5
2026-10-07 15:19:18,250424_131333355993.jpg,qa_pass,박건,reviewer,EDITED,PASS,,kimchi_with_target,7
2026-10-07 15:19:24,250424_131237407672.jpg,qa_pass,박건,reviewer,DONE,PASS,,kimchi_with_target,5
2026-10-07 15:19:32,250424_131214458981.jpg,qa_pass,박건,reviewer,DONE,PASS,,kimchi_with_target,5
2026-10-07 15:19:36,250424_115451303584.jpg,qa_pass,박건,reviewer,DONE,PASS,,kimchi_with_target,6
2026-10-07 15:19:43,250424_115429203755.jpg,qa_pass,박건,reviewer,DONE,PASS,,kimchi_with_target,5
2026-10-07 15:19:53,250424_115411440722.jpg,qa_pass,박건,reviewer,DONE,PASS,,kimchi_with_target,5
2026-10-07 15:20:00,250424_115344852900.jpg,qa_pass,박건,reviewer,DONE,PASS,,kimchi_with_target,7
2026-10-07 15:20:05,250424_115322964196.jpg,qa_pass,박건,reviewer,DONE,PASS,,kimchi_with_target,7
2026-10-07 15:20:13,250424_115252382931.jpg,qa_pass,박건,reviewer,DONE,PASS,,kimchi_with_target,6
2026-10-07 15:20:23,250424_115215894054.jpg,qa_pass,박건,reviewer,EDITED,PASS,,kimchi_with_target,5
2026-10-07 15:20:30,250424_115154083033.jpg,qa_pass,박건,reviewer,DONE,PASS,,kimchi_with_target,5
2026-10-07 15:20:40,250424_115126242024.jpg,qa_pass,박건,reviewer,DONE,PASS,,kimchi_with_target,5
2026-10-07 15:20:48,250424_115104493302.jpg,qa_pass,박건,reviewer,DONE,PASS,,kimchi_with_target,6
2026-10-07 15:20:56,250424_115042694119.jpg,qa_pass,박건,reviewer,DONE,PASS,,kimchi_with_target,5
2026-10-07 15:21:03,250424_115021023301.jpg,qa_pass,박건,reviewer,DONE,PASS,,kimchi_with_target,5
2026-10-07 15:21:09,250424_114951512715.jpg,qa_pass,박건,reviewer,DONE,PASS,,kimchi_with_target,6
2026-10-07 15:21:14,250424_114929077449.jpg,qa_pass,박건,reviewer,DONE,PASS,,kimchi_with_target,5
2026-10-07 15:21:23,250424_114911512397.jpg,qa_pass,박건,reviewer,DONE,PASS,,kimchi_with_target,6
2026-10-07 15:21:29,250424_114834243086.jpg,qa_pass,박건,reviewer,DONE,PASS,,kimchi_with_target,5
2026-10-07 15:21:33,250424_114731998378.jpg,qa_pass,박건,reviewer,EDITED,PASS,,kimchi_with_target,6
2026-10-07 15:21:37,250424_114709957499.jpg,qa_pass,박건,reviewer,DONE,PASS,,kimchi_with_target,5
2026-10-07 15:21:41,250424_114647549614.jpg,qa_pass,박건,reviewer,DONE,PASS,,kimchi_with_target,5
2026-10-07 15:21:46,250424_114610718081.jpg,qa_pass,박건,reviewer,EDITED,PASS,,kimchi_with_target,6
2026-10-07 15:22:08,250424_114506760277.jpg,qa_pass,박건,reviewer,EDITED,PASS,,kimchi_with_target,8
2026-10-07 15:22:20,250424_112924042782.jpg,qa_pass,박건,reviewer,EDITED,PASS,,kimchi_with_target,8
2026-10-07 15:22:31,250424_112841184247.jpg,qa_pass,박건,reviewer,DONE,PASS,,kimchi_with_target,5
2026-10-07 15:22:41,250424_112818764337.jpg,qa_pass,박건,reviewer,DONE,PASS,,kimchi_with_target,5
2026-10-07 15:22:50,250424_112626180721.jpg,qa_pass,박건,reviewer,DONE,PASS,,kimchi_with_target,5
2026-10-07 15:22:55,250424_112445358653.jpg,qa_pass,박건,reviewer,DONE,PASS,,kimchi_with_target,6
2026-10-07 15:23:21,250424_112408452967.jpg,qa_pass,박건,reviewer,EDITED,PASS,,kimchi_with_target,6
2026-10-07 15:23:25,250424_112343085390.jpg,qa_pass,박건,reviewer,DONE,PASS,,kimchi_with_target,7
2026-10-07 15:23:28,250424_112224118014.jpg,qa_pass,박건,reviewer,DONE,PASS,,kimchi_with_target,5
2026-10-07 15:23:35,250424_112139655659.jpg,qa_pass,박건,reviewer,EDITED,PASS,,kimchi_with_target,7
2026-10-07 15:24:33,250424_112106131252.jpg,qa_pass,박건,reviewer,EDITED,PASS,,kimchi_with_target,7
2026-10-07 15:25:41,250424_112139655659.jpg,qa_pass,박건,reviewer,EDITED,PASS,,kimchi_with_target,9
2026-10-07 15:25:46,250424_112224118014.jpg,qa_pass,박건,reviewer,EDITED,PASS,,kimchi_with_target,5
2026-10-07 15:25:49,250424_112224118014.jpg,qa_pass,박건,reviewer,EDITED,PASS,,kimchi_with_target,5
2026-10-07 15:25:58,250424_112343085390.jpg,qa_pass,박건,reviewer,EDITED,PASS,,kimchi_with_target,7
2026-10-07 15:26:02,250424_112408452967.jpg,qa_pass,박건,reviewer,EDITED,PASS,,kimchi_with_target,6
2026-10-07 15:26:12,250424_112445358653.jpg,qa_pass,박건,reviewer,EDITED,PASS,,kimchi_with_target,6
2026-10-07 15:26:18,250424_112626180721.jpg,qa_pass,박건,reviewer,EDITED,PASS,,kimchi_with_target,5
2026-10-07 15:26:20,250424_112818764337.jpg,qa_pass,박건,reviewer,EDITED,PASS,,kimchi_with_target,5
2026-10-07 15:26:25,250424_112841184247.jpg,qa_pass,박건,reviewer,EDITED,PASS,,kimchi_with_target,5
2026-10-07 15:26:29,250424_112924042782.jpg,qa_pass,박건,reviewer,EDITED,PASS,,kimchi_with_target,8
2026-10-07 15:27:37,250424_112034421928.jpg,qa_pass,박건,reviewer,EDITED,PASS,,kimchi_with_target,8
2026-10-07 15:27:47,250424_112004831679.jpg,qa_pass,박건,reviewer,EDITED,PASS,,kimchi_with_target,7
2026-10-07 15:27:57,250424_111931005322.jpg,qa_pass,박건,reviewer,EDITED,PASS,,kimchi_with_target,5
2026-10-07 15:28:06,250424_111900294585.jpg,qa_pass,박건,reviewer,EDITED,PASS,,kimchi_with_target,5
2026-10-07 15:28:11,250424_111810266612.jpg,qa_pass,박건,reviewer,EDITED,PASS,,kimchi_with_target,6
2026-10-07 15:28:20,250424_111713850672.jpg,qa_pass,박건,reviewer,EDITED,PASS,,kimchi_with_target,5
2026-10-07 15:28:23,250424_111632364928.jpg,qa_pass,박건,reviewer,EDITED,PASS,,kimchi_with_target,6
2026-10-07 15:28:29,250424_111632364928.jpg,qa_pass,박건,reviewer,EDITED,PASS,,kimchi_with_target,6
2026-10-07 15:28:35,250424_111555047880.jpg,qa_pass,박건,reviewer,EDITED,PASS,,kimchi_with_target,5
2026-10-07 15:28:38,250424_111525566429.jpg,qa_pass,박건,reviewer,DONE,PASS,,kimchi_with_target,6
2026-10-07 15:28:44,250424_111525566429.jpg,qa_pass,박건,reviewer,EDITED,PASS,,kimchi_with_target,6
2026-10-07 15:28:46,250424_111525566429.jpg,qa_pass,박건,reviewer,EDITED,PASS,,kimchi_with_target,6
2026-10-07 15:29:17,250424_111525566429.jpg,qa_pass,박건,reviewer,EDITED,PASS,,kimchi_with_target,5
2026-10-07 15:29:33,250424_111454886462.jpg,qa_pass,박건,reviewer,EDITED,PASS,,kimchi_with_target,7
2026-10-07 15:29:38,250424_111454886462.jpg,qa_pass,박건,reviewer,EDITED,PASS,,kimchi_with_target,7
2026-10-07 15:29:45,250424_111454886462.jpg,qa_pass,박건,reviewer,EDITED,PASS,,kimchi_with_target,7
2026-10-07 15:29:53,250424_111415135407.jpg,qa_pass,박건,reviewer,EDITED,PASS,,kimchi_with_target,5
2026-10-07 15:30:02,250424_111302561521.jpg,qa_pass,박건,reviewer,EDITED,PASS,,kimchi_with_target,6
2026-10-07 15:30:16,250424_111226617441.jpg,qa_pass,박건,reviewer,EDITED,PASS,,kimchi_with_target,6
2026-10-07 15:30:26,250424_111201206403.jpg,qa_pass,박건,reviewer,EDITED,PASS,,kimchi_with_target,7
2026-10-07 15:30:27,250424_111201206403.jpg,qa_pass,박건,reviewer,EDITED,PASS,,kimchi_with_target,7
2026-10-07 15:30:29,250424_111201206403.jpg,qa_pass,박건,reviewer,EDITED,PASS,,kimchi_with_target,7
2026-10-07 15:30:38,250424_111020116028.jpg,qa_pass,박건,reviewer,EDITED,PASS,,kimchi_with_target,8
2026-10-07 15:30:46,250424_111020116028.jpg,qa_pass,박건,reviewer,EDITED,PASS,,kimchi_with_target,8
2026-10-07 15:30:52,250424_110954320748.jpg,qa_pass,박건,reviewer,EDITED,PASS,,kimchi_with_target,5
2026-10-07 15:31:03,250424_110907410038.jpg,qa_pass,박건,reviewer,EDITED,PASS,,kimchi_with_target,5
2026-10-07 15:31:10,250424_110825373075.jpg,qa_pass,박건,reviewer,EDITED,PASS,,kimchi_with_target,6
2026-10-07 15:31:15,250424_110748018790.jpg,qa_pass,박건,reviewer,EDITED,PASS,,kimchi_with_target,8
2026-10-07 15:31:16,250424_110748018790.jpg,qa_pass,박건,reviewer,EDITED,PASS,,kimchi_with_target,8
2026-10-07 15:31:23,250424_110748018790.jpg,qa_pass,박건,reviewer,EDITED,PASS,,kimchi_with_target,8
2026-10-07 15:31:26,250424_110748018790.jpg,qa_pass,박건,reviewer,EDITED,PASS,,kimchi_with_target,8
2026-10-07 15:31:32,250424_110716273731.jpg,qa_pass,박건,reviewer,EDITED,PASS,,kimchi_with_target,7
2026-10-07 15:31:42,250424_110716273731.jpg,qa_pass,박건,reviewer,EDITED,PASS,,kimchi_with_target,7
2026-10-07 15:31:48,250424_110645745568.jpg,qa_pass,박건,reviewer,EDITED,PASS,,kimchi_with_target,5
2026-10-07 15:31:54,250424_110621146818.jpg,qa_pass,박건,reviewer,EDITED,PASS,,kimchi_with_target,5
2026-10-07 15:32:00,250424_110555963740.jpg,qa_pass,박건,reviewer,EDITED,PASS,,kimchi_with_target,5
2026-10-07 15:32:05,250424_110523358494.jpg,qa_pass,박건,reviewer,EDITED,PASS,,kimchi_with_target,5
2026-10-07 15:32:32,250424_110456428256.jpg,qa_pass,박건,reviewer,EDITED,PASS,,kimchi_with_target,5
2026-10-07 15:32:36,250424_110233789711.jpg,qa_pass,박건,reviewer,EDITED,PASS,,kimchi_with_target,5
2026-10-07 15:32:49,250424_110200584818.jpg,qa_pass,박건,reviewer,EDITED,PASS,,kimchi_with_target,6
2026-10-07 15:32:57,250424_110118712995.jpg,qa_pass,박건,reviewer,EDITED,PASS,,kimchi_with_target,5
2026-10-07 15:33:03,250424_105909724238.jpg,qa_pass,박건,reviewer,EDITED,PASS,,kimchi_with_target,5
2026-10-07 15:33:11,250411_163141810871.jpg,qa_pass,박건,reviewer,DONE,PASS,,kimchi_with_target,5
2026-10-07 15:33:16,250411_163054857361.jpg,qa_pass,박건,reviewer,DONE,PASS,,kimchi_with_target,5
2026-10-07 15:33:20,250411_163007238647.jpg,qa_pass,박건,reviewer,DONE,PASS,,kimchi_with_target,5
2026-10-07 15:33:24,250411_162929801419.jpg,qa_pass,박건,reviewer,EDITED,PASS,,kimchi_with_target,5
2026-10-07 15:33:25,250411_162756223396.jpg,qa_pass,박건,reviewer,DONE,PASS,,kimchi_with_target,5
2026-10-07 15:33:29,250411_162447162532.jpg,qa_pass,박건,reviewer,DONE,PASS,,kimchi_with_target,5
2026-10-07 15:33:36,250411_162312139510.jpg,qa_pass,박건,reviewer,EDITED,PASS,,kimchi_with_target,5
2026-10-07 15:33:43,250411_162212242373.jpg,qa_pass,박건,reviewer,DONE,PASS,,kimchi_with_target,5
2026-10-07 15:33:48,250411_161918392744.jpg,qa_pass,박건,reviewer,DONE,PASS,,kimchi_with_target,5
2026-10-07 15:33:53,250411_161815507507.jpg,qa_pass,박건,reviewer,DONE,PASS,,kimchi_with_target,5
2026-10-07 15:33:57,250411_161718524589.jpg,qa_pass,박건,reviewer,DONE,PASS,,kimchi_with_target,5
2026-10-07 15:34:03,250411_161601751564.jpg,qa_pass,박건,reviewer,EDITED,PASS,,kimchi_with_target,5
2026-10-07 15:34:18,250411_161459121635.jpg,qa_pass,박건,reviewer,EDITED,PASS,,kimchi_with_target,6
2026-10-07 15:34:24,250411_161335497942.jpg,qa_pass,박건,reviewer,EDITED,PASS,,kimchi_with_target,5
2026-10-07 15:34:29,250411_161041048519.jpg,qa_pass,박건,reviewer,EDITED,PASS,,kimchi_with_target,5
2026-10-07 15:34:33,250411_160944442902.jpg,qa_pass,박건,reviewer,DONE,PASS,,kimchi_with_target,5
2026-10-07 15:34:39,250411_160736641056.jpg,qa_pass,박건,reviewer,DONE,PASS,,kimchi_with_target,5
2026-10-07 15:34:43,250411_160638581161.jpg,qa_pass,박건,reviewer,DONE,PASS,,kimchi_with_target,5
2026-10-07 15:34:54,250411_160552248555.jpg,qa_pass,박건,reviewer,DONE,PASS,,kimchi_with_target,5
2026-10-07 15:35:07,250411_160457010505.jpg,qa_pass,박건,reviewer,DONE,PASS,,kimchi_with_target,5
2026-10-07 15:35:13,250411_160242359691.jpg,qa_pass,박건,reviewer,DONE,PASS,,kimchi_with_target,5
2026-10-07 15:35:23,250411_160154461519.jpg,qa_pass,박건,reviewer,DONE,PASS,,kimchi_with_target,5
2026-10-07 15:35:33,250411_160102367806.jpg,qa_pass,박건,reviewer,DONE,PASS,,kimchi_with_target,5
2026-10-07 15:35:41,250411_160015579183.jpg,qa_pass,박건,reviewer,DONE,PASS,,kimchi_with_target,5
2026-10-07 15:35:50,250411_155922338003.jpg,qa_pass,박건,reviewer,DONE,PASS,,kimchi_with_target,5
2026-10-07 15:35:55,250411_155836164875.jpg,qa_pass,박건,reviewer,DONE,PASS,,kimchi_with_target,5
2026-10-07 15:35:59,250411_155751552207.jpg,qa_pass,박건,reviewer,DONE,PASS,,kimchi_with_target,5
2026-10-07 15:36:03,250411_155701963331.jpg,qa_pass,박건,reviewer,DONE,PASS,,kimchi_with_target,5
2026-10-07 15:36:07,250411_155607936718.jpg,qa_pass,박건,reviewer,DONE,PASS,,kimchi_with_target,5
2026-10-07 15:41:08,250411_141717372582.jpg,qa_pass,최용훈,reviewer,EDITED,PASS,,kimchi_with_target,5
2026-10-07 15:42:19,250411_141042153876.jpg,qa_pass,최용훈,reviewer,EDITED,PASS,,kimchi_with_target,6
2026-10-07 15:44:07,250411_140956814957.jpg,qa_pass,최용훈,reviewer,EDITED,PASS,,kimchi_with_target,6
2026-10-07 15:45:01,250411_140908232349.jpg,qa_pass,최용훈,reviewer,EDITED,PASS,,kimchi_with_target,5
2026-10-07 15:46:03,250411_140826997754.jpg,qa_pass,최용훈,reviewer,EDITED,PASS,,kimchi_with_target,5
2026-10-07 15:47:34,250411_140734845588.jpg,qa_pass,최용훈,reviewer,EDITED,PASS,,kimchi_with_target,5
2026-10-07 15:48:46,250411_135120060204.jpg,qa_pass,최용훈,reviewer,EDITED,PASS,,kimchi_with_target,7
2026-10-07 15:49:59,250411_135211530132.jpg,qa_pass,최용훈,reviewer,EDITED,PASS,,kimchi_with_target,7
2026-10-07 15:50:52,250411_135253570383.jpg,qa_pass,최용훈,reviewer,EDITED,PASS,,kimchi_with_target,7
2026-10-07 15:57:30,250411_135341531808.jpg,qa_pass,최용훈,reviewer,EDITED,PASS,,kimchi_with_target,6
2026-10-07 15:59:30,250411_140005265446.jpg,qa_pass,최용훈,reviewer,EDITED,PASS,,kimchi_with_target,8
2026-10-07 16:00:56,250411_140059718969.jpg,qa_pass,최용훈,reviewer,EDITED,PASS,,kimchi_with_target,7
2026-10-07 14:36:33,250410_155826598654.jpg,qa_pass,이승훈,reviewer,EDITED,PASS,,kimchi_with_target,5
2026-10-07 14:37:49,250410_155901509386.jpg,qa_pass,이승훈,reviewer,EDITED,PASS,,kimchi_with_target,5
2026-10-07 14:41:01,250410_160021775802.jpg,qa_pass,이승훈,reviewer,EDITED,PASS,,kimchi_with_target,5
2026-10-07 14:41:53,250410_160112679219.jpg,qa_pass,이승훈,reviewer,EDITED,PASS,,kimchi_with_target,5
2026-10-07 14:42:50,250410_165645848530.jpg,qa_pass,이승훈,reviewer,EDITED,PASS,,kimchi_with_target,5
2026-10-07 14:43:47,250410_165759582289.jpg,qa_pass,이승훈,reviewer,EDITED,PASS,,kimchi_with_target,5
2026-10-07 14:44:36,250410_165840226763.jpg,qa_pass,이승훈,reviewer,EDITED,PASS,,kimchi_with_target,5
2026-10-07 14:45:33,250410_165918398621.jpg,qa_pass,이승훈,reviewer,EDITED,PASS,,kimchi_with_target,5
2026-10-07 14:46:34,250410_170124048539.jpg,qa_pass,이승훈,reviewer,EDITED,PASS,,kimchi_with_target,5
2026-10-07 14:47:22,250410_170204849002.jpg,qa_pass,이승훈,reviewer,EDITED,PASS,,kimchi_with_target,5
2026-10-07 14:48:27,250410_170257620893.jpg,qa_pass,이승훈,reviewer,EDITED,PASS,,kimchi_with_target,5
2026-10-07 14:49:44,250410_170345204621.jpg,qa_pass,이승훈,reviewer,EDITED,PASS,,kimchi_with_target,5
2026-10-07 14:50:18,250410_170436151500.jpg,qa_pass,이승훈,reviewer,EDITED,PASS,,kimchi_with_target,5
2026-10-07 15:02:20,250410_170523246924.jpg,qa_pass,이승훈,reviewer,EDITED,PASS,,kimchi_with_target,5
2026-10-07 15:03:57,250410_170605462218.jpg,qa_pass,이승훈,reviewer,EDITED,PASS,,kimchi_with_target,5
2026-10-07 15:06:00,250410_170658904840.jpg,qa_pass,이승훈,reviewer,EDITED,PASS,,kimchi_with_target,5
2026-10-07 15:07:35,250410_171043114194.jpg,qa_pass,이승훈,reviewer,EDITED,PASS,,kimchi_with_target,5
2026-10-07 15:08:25,250410_171242763678.jpg,qa_pass,이승훈,reviewer,EDITED,PASS,,kimchi_with_target,5
2026-10-07 15:08:48,250410_171329931220.jpg,qa_pass,이승훈,reviewer,DONE,PASS,,kimchi_with_target,5
2026-10-07 15:09:28,250410_171618401098.jpg,qa_pass,이승훈,reviewer,EDITED,PASS,,kimchi_with_target,5
2026-10-07 15:10:02,250410_171711703137.jpg,qa_pass,이승훈,reviewer,EDITED,PASS,,kimchi_with_target,5
2026-10-07 15:10:42,250410_171954431319.jpg,qa_pass,이승훈,reviewer,DONE,PASS,,kimchi_with_target,5
2026-10-07 15:12:30,250410_172041141763.jpg,qa_pass,이승훈,reviewer,EDITED,PASS,,kimchi_with_target,5
2026-10-07 15:16:01,250410_172124374052.jpg,qa_pass,이승훈,reviewer,EDITED,PASS,,kimchi_with_target,4
2026-10-07 15:16:10,250410_172124374052.jpg,qa_pass,이승훈,reviewer,EDITED,PASS,,kimchi_with_target,4
2026-10-07 15:18:03,250410_172202967252.jpg,qa_pass,이승훈,reviewer,EDITED,PASS,,kimchi_with_target,5
2026-10-07 15:18:41,250410_172249187179.jpg,qa_pass,이승훈,reviewer,EDITED,PASS,,kimchi_with_target,5
2026-10-07 15:19:13,250410_172509481867.jpg,qa_pass,이승훈,reviewer,DONE,PASS,,kimchi_with_target,5
2026-10-07 15:21:49,250410_172553110670.jpg,qa_pass,이승훈,reviewer,EDITED,PASS,,kimchi_with_target,5
2026-10-07 15:22:40,250410_172731889723.jpg,qa_pass,이승훈,reviewer,EDITED,PASS,,kimchi_with_target,5
2026-10-07 15:23:32,250410_172921255820.jpg,qa_pass,이승훈,reviewer,EDITED,PASS,,kimchi_with_target,5
2026-10-07 15:24:40,250410_173012631688.jpg,qa_pass,이승훈,reviewer,EDITED,PASS,,kimchi_with_target,5
2026-10-07 15:25:24,250410_173104200591.jpg,qa_pass,이승훈,reviewer,EDITED,PASS,,kimchi_with_target,5
2026-10-07 15:25:53,250410_173307709999.jpg,qa_pass,이승훈,reviewer,EDITED,PASS,,kimchi_with_target,5
2026-10-07 15:26:21,250410_173307709999.jpg,qa_pass,이승훈,reviewer,EDITED,PASS,,kimchi_with_target,5
2026-10-07 15:28:13,250410_173355965733.jpg,qa_pass,이승훈,reviewer,EDITED,PASS,,kimchi_with_target,5
2026-10-07 15:28:46,250410_173453546970.jpg,qa_pass,이승훈,reviewer,EDITED,PASS,,kimchi_with_target,5
2026-10-07 15:29:17,250410_173647327410.jpg,qa_pass,이승훈,reviewer,EDITED,PASS,,kimchi_with_target,5
2026-10-07 15:30:29,250410_174241672560.jpg,qa_pass,이승훈,reviewer,EDITED,PASS,,kimchi_with_target,5
2026-10-07 15:31:17,250410_173307709999.jpg,qa_pass,이승훈,reviewer,EDITED,PASS,,kimchi_with_target,5
2026-10-07 15:32:32,250410_174322665070.jpg,qa_pass,이승훈,reviewer,EDITED,PASS,,kimchi_with_target,5
2026-10-07 15:33:04,250410_174414309990.jpg,qa_pass,이승훈,reviewer,EDITED,PASS,,kimchi_with_target,5
2026-10-07 15:33:53,250410_174507760057.jpg,qa_pass,이승훈,reviewer,EDITED,PASS,,kimchi_with_target,5
2026-10-07 15:35:29,250410_174607125731.jpg,qa_pass,이승훈,reviewer,EDITED,PASS,,kimchi_with_target,5
2026-10-07 15:35:47,250410_174656591360.jpg,qa_pass,이승훈,reviewer,EDITED,PASS,,kimchi_with_target,5
2026-10-07 15:36:03,250410_174748966576.jpg,qa_pass,이승훈,reviewer,EDITED,PASS,,kimchi_with_target,5
2026-10-07 15:36:17,250410_174748966576.jpg,qa_pass,이승훈,reviewer,EDITED,PASS,,kimchi_with_target,5
2026-10-07 15:36:39,250410_174844662623.jpg,qa_pass,이승훈,reviewer,EDITED,PASS,,kimchi_with_target,5
2026-10-07 15:37:35,250410_175036549862.jpg,qa_pass,이승훈,reviewer,EDITED,PASS,,kimchi_with_target,5
2026-10-07 15:41:57,250410_175222116316.jpg,qa_pass,이승훈,reviewer,EDITED,PASS,,kimchi_with_target,7
2026-10-07 15:43:04,250410_175401330493.jpg,qa_pass,이승훈,reviewer,EDITED,PASS,,kimchi_with_target,5
2026-10-07 15:43:31,250410_175444219123.jpg,qa_pass,이승훈,reviewer,EDITED,PASS,,kimchi_with_target,5
2026-10-07 15:44:47,250410_175705326258.jpg,qa_pass,이승훈,reviewer,EDITED,PASS,,kimchi_with_target,5
2026-10-07 15:45:31,250410_175800961256.jpg,qa_pass,이승훈,reviewer,EDITED,PASS,,kimchi_with_target,5
2026-10-07 15:46:40,250410_175933697183.jpg,qa_pass,이승훈,reviewer,EDITED,PASS,,kimchi_with_target,6
2026-10-07 15:47:44,250410_180203619316.jpg,qa_pass,이승훈,reviewer,EDITED,PASS,,kimchi_with_target,5
2026-10-07 15:48:59,250410_180417359391.jpg,qa_pass,이승훈,reviewer,EDITED,PASS,,kimchi_with_target,5
2026-10-07 15:50:16,250410_180500624542.jpg,qa_pass,이승훈,reviewer,EDITED,PASS,,kimchi_with_target,6
2026-10-07 15:51:23,250410_180642000478.jpg,qa_pass,이승훈,reviewer,EDITED,PASS,,kimchi_with_target,5
2026-10-07 16:02:40,250411_140154662081.jpg,qa_pass,최용훈,reviewer,EDITED,PASS,,kimchi_with_target,5
2026-10-07 16:03:27,250411_140314154941.jpg,qa_pass,최용훈,reviewer,EDITED,PASS,,kimchi_with_target,6
2026-10-07 16:04:14,250411_140452731605.jpg,qa_pass,최용훈,reviewer,EDITED,PASS,,kimchi_with_target,5
2026-10-07 16:05:16,250411_140553670865.jpg,qa_pass,최용훈,reviewer,EDITED,PASS,,kimchi_with_target,7
2026-10-07 16:05:53,250411_140647006979.jpg,qa_pass,최용훈,reviewer,EDITED,PASS,,kimchi_with_target,5
2026-10-07 15:41:01,250410_180800068444.jpg,qa_pass,박건,reviewer,DONE,PASS,,kimchi_with_target,5
2026-10-07 15:41:11,250410_180838247546.jpg,qa_pass,박건,reviewer,DONE,PASS,,kimchi_with_target,5
2026-10-07 15:41:16,250410_180910324799.jpg,qa_pass,박건,reviewer,DONE,PASS,,kimchi_with_target,5
2026-10-07 15:41:20,250410_181045535509.jpg,qa_pass,박건,reviewer,DONE,PASS,,kimchi_with_target,5
2026-10-07 15:41:25,250410_181140480178.jpg,qa_pass,박건,reviewer,DONE,PASS,,kimchi_with_target,5
2026-10-07 15:41:29,250410_181223026123.jpg,qa_pass,박건,reviewer,DONE,PASS,,kimchi_with_target,5
2026-10-07 15:41:33,250410_181352268335.jpg,qa_pass,박건,reviewer,DONE,PASS,,kimchi_with_target,5
2026-10-07 15:41:43,250410_181650625647.jpg,qa_pass,박건,reviewer,DONE,PASS,,kimchi_with_target,5
2026-10-07 15:41:49,250410_181811462137.jpg,qa_pass,박건,reviewer,DONE,PASS,,kimchi_with_target,5
2026-10-07 15:41:57,250410_182251586507.jpg,qa_pass,박건,reviewer,DONE,PASS,,kimchi_with_target,5
2026-10-07 15:42:52,250410_182340189473.jpg,qa_pass,박건,reviewer,EDITED,PASS,,kimchi_with_target,5
2026-10-07 15:42:56,250410_182427975624.jpg,qa_pass,박건,reviewer,DONE,PASS,,kimchi_with_target,5
2026-10-07 15:43:02,250410_182623838600.jpg,qa_pass,박건,reviewer,DONE,PASS,,kimchi_with_target,5
2026-10-07 15:43:08,250410_182706284064.jpg,qa_pass,박건,reviewer,DONE,PASS,,kimchi_with_target,5
2026-10-07 15:43:12,250410_182749738751.jpg,qa_pass,박건,reviewer,DONE,PASS,,kimchi_with_target,5
2026-10-07 15:43:19,250411_092511506342.jpg,qa_pass,박건,reviewer,DONE,PASS,,kimchi_with_target,5
2026-10-07 15:43:26,250411_092851295826.jpg,qa_pass,박건,reviewer,DONE,PASS,,kimchi_with_target,5
2026-10-07 15:43:31,250411_092955630580.jpg,qa_pass,박건,reviewer,DONE,PASS,,kimchi_with_target,5
2026-10-07 15:43:34,250411_093403074817.jpg,qa_pass,박건,reviewer,DONE,PASS,,kimchi_with_target,5
2026-10-07 15:43:36,250411_093439164001.jpg,qa_pass,박건,reviewer,DONE,PASS,,kimchi_with_target,5
2026-10-07 15:43:37,250411_093616913584.jpg,qa_pass,박건,reviewer,DONE,PASS,,kimchi_with_target,5
2026-10-07 15:43:43,250411_093700427956.jpg,qa_pass,박건,reviewer,DONE,PASS,,kimchi_with_target,5
2026-10-07 15:43:48,250411_093822949037.jpg,qa_pass,박건,reviewer,EDITED,PASS,,kimchi_with_target,5
2026-10-07 15:43:55,250411_093901909722.jpg,qa_pass,박건,reviewer,EDITED,PASS,,kimchi_with_target,6
2026-10-07 15:44:01,250411_093947029472.jpg,qa_pass,박건,reviewer,DONE,PASS,,kimchi_with_target,5
2026-10-07 15:44:06,250411_094027390387.jpg,qa_pass,박건,reviewer,DONE,PASS,,kimchi_with_target,5
2026-10-07 15:44:14,250411_094117478009.jpg,qa_pass,박건,reviewer,DONE,PASS,,kimchi_with_target,5
2026-10-07 15:44:21,250411_094214912155.jpg,qa_pass,박건,reviewer,DONE,PASS,,kimchi_with_target,5
2026-10-07 15:44:25,250411_094354631616.jpg,qa_pass,박건,reviewer,DONE,PASS,,kimchi_with_target,5
2026-10-07 15:44:30,250411_094447587115.jpg,qa_pass,박건,reviewer,EDITED,PASS,,kimchi_with_target,6
2026-10-07 15:45:07,250411_094548003041.jpg,qa_pass,박건,reviewer,DONE,PASS,,kimchi_with_target,5
2026-10-07 15:45:20,250411_095020396284.jpg,qa_pass,박건,reviewer,DONE,PASS,,kimchi_with_target,5
2026-10-07 15:45:28,250411_095114999624.jpg,qa_pass,박건,reviewer,DONE,PASS,,kimchi_with_target,5
2026-10-07 15:45:37,250411_095211804856.jpg,qa_pass,박건,reviewer,DONE,PASS,,kimchi_with_target,5
2026-10-07 15:45:42,250411_095307375377.jpg,qa_pass,박건,reviewer,DONE,PASS,,kimchi_with_target,5
2026-10-07 15:45:51,250411_095447313719.jpg,qa_pass,박건,reviewer,EDITED,PASS,,kimchi_with_target,6
2026-10-07 15:45:55,250411_095542189491.jpg,qa_pass,박건,reviewer,DONE,PASS,,kimchi_with_target,5
2026-10-07 15:45:59,250411_095626998091.jpg,qa_pass,박건,reviewer,DONE,PASS,,kimchi_with_target,5
2026-10-07 15:46:12,250411_095715404683.jpg,qa_pass,박건,reviewer,DONE,PASS,,kimchi_with_target,5
2026-10-07 15:46:57,250411_134833730976.jpg,qa_pass,박건,reviewer,EDITED,PASS,,kimchi_with_target,6
2026-10-07 15:47:17,250411_134741200055.jpg,qa_pass,박건,reviewer,EDITED,PASS,,kimchi_with_target,5
2026-10-07 15:47:29,250411_134654281384.jpg,qa_pass,박건,reviewer,DONE,PASS,,kimchi_with_target,5
2026-10-07 15:47:45,250411_134605181933.jpg,qa_pass,박건,reviewer,DONE,PASS,,kimchi_with_target,5
2026-10-07 15:47:54,250411_134515221630.jpg,qa_pass,박건,reviewer,EDITED,PASS,,kimchi_with_target,7
2026-10-07 15:48:00,250411_134422867708.jpg,qa_pass,박건,reviewer,EDITED,PASS,,kimchi_with_target,6
2026-10-07 15:48:04,250411_134246962589.jpg,qa_pass,박건,reviewer,DONE,PASS,,kimchi_with_target,5
2026-10-07 15:48:20,250411_134059250467.jpg,qa_pass,박건,reviewer,DONE,PASS,,kimchi_with_target,5
2026-10-07 15:48:25,250411_133957480847.jpg,qa_pass,박건,reviewer,EDITED,PASS,,kimchi_with_target,5
2026-10-07 15:48:31,250411_133724174349.jpg,qa_pass,박건,reviewer,EDITED,PASS,,kimchi_with_target,8
2026-10-07 15:48:38,250411_133634777214.jpg,qa_pass,박건,reviewer,EDITED,PASS,,kimchi_with_target,6
2026-10-07 15:49:01,250411_133550188212.jpg,qa_pass,박건,reviewer,EDITED,PASS,,kimchi_with_target,6
2026-10-07 15:49:13,250411_133502277094.jpg,qa_pass,박건,reviewer,EDITED,PASS,,kimchi_with_target,5
2026-10-07 15:49:50,250411_133415890554.jpg,qa_pass,박건,reviewer,EDITED,PASS,,kimchi_with_target,6
2026-10-07 15:49:59,250411_133329581087.jpg,qa_pass,박건,reviewer,EDITED,PASS,,kimchi_with_target,5
2026-10-07 15:50:12,250411_133236119624.jpg,qa_pass,박건,reviewer,EDITED,PASS,,kimchi_with_target,5
2026-10-07 15:51:01,250411_133144794149.jpg,qa_pass,박건,reviewer,EDITED,PASS,,kimchi_with_target,7
2026-10-07 15:51:37,250411_133000176335.jpg,qa_pass,박건,reviewer,EDITED,PASS,,kimchi_with_target,5
2026-10-07 16:00:23,250411_114554364192.jpg,qa_pass,박건,reviewer,EDITED,PASS,,kimchi_with_target,8
2026-10-07 16:00:31,250411_114451800273.jpg,qa_pass,박건,reviewer,EDITED,PASS,,kimchi_with_target,8
2026-10-07 16:00:35,250411_114345771169.jpg,qa_pass,박건,reviewer,EDITED,PASS,,kimchi_with_target,6
2026-10-07 16:00:45,250411_114148498012.jpg,qa_pass,박건,reviewer,EDITED,PASS,,kimchi_with_target,7
2026-10-07 16:00:50,250411_114051394051.jpg,qa_pass,박건,reviewer,DONE,PASS,,kimchi_with_target,5
2026-10-07 16:00:52,250411_114252525628.jpg,qa_pass,박건,reviewer,DONE,PASS,,kimchi_with_target,5
2026-10-07 16:01:10,250411_113959391025.jpg,qa_pass,박건,reviewer,DONE,PASS,,kimchi_with_target,5
2026-10-07 16:01:25,250411_113959391025.jpg,qa_pass,박건,reviewer,EDITED,PASS,,kimchi_with_target,6
2026-10-07 16:01:28,250411_113808387570.jpg,qa_pass,박건,reviewer,DONE,PASS,,kimchi_with_target,5
2026-10-07 16:02:28,250411_113710947633.jpg,qa_pass,박건,reviewer,EDITED,PASS,,kimchi_with_target,8
2026-10-07 16:02:45,250411_113626826177.jpg,qa_pass,박건,reviewer,EDITED,PASS,,kimchi_with_target,7
2026-10-07 16:03:24,250411_113548636483.jpg,qa_pass,박건,reviewer,EDITED,PASS,,kimchi_with_target,6
2026-10-07 16:03:30,250411_113422187938.jpg,qa_pass,박건,reviewer,DONE,PASS,,kimchi_with_target,5
2026-10-07 16:03:37,250411_113335977212.jpg,qa_pass,박건,reviewer,DONE,PASS,,kimchi_with_target,5
2026-10-07 16:03:54,250411_113335977212.jpg,qa_pass,박건,reviewer,EDITED,PASS,,kimchi_with_target,7
2026-10-07 16:04:00,250411_113241070555.jpg,qa_pass,박건,reviewer,EDITED,PASS,,kimchi_with_target,5
2026-10-07 16:04:18,250411_113153017884.jpg,qa_pass,박건,reviewer,EDITED,PASS,,kimchi_with_target,7
2026-10-07 16:04:28,250411_113112105032.jpg,qa_pass,박건,reviewer,DONE,PASS,,kimchi_with_target,5
2026-10-07 16:04:38,250411_113033634859.jpg,qa_pass,박건,reviewer,EDITED,PASS,,kimchi_with_target,6
2026-10-07 16:04:49,250411_112949853261.jpg,qa_pass,박건,reviewer,DONE,PASS,,kimchi_with_target,5
2026-10-07 16:05:03,250411_112619535807.jpg,qa_pass,박건,reviewer,EDITED,PASS,,kimchi_with_target,6
2026-10-07 16:05:16,250411_112539453476.jpg,qa_pass,박건,reviewer,DONE,PASS,,kimchi_with_target,5
2026-10-07 16:05:30,250411_112108693050.jpg,qa_pass,박건,reviewer,EDITED,PASS,,kimchi_with_target,5
2026-10-07 16:05:38,250411_112016533939.jpg,qa_pass,박건,reviewer,EDITED,PASS,,kimchi_with_target,6
2026-10-07 16:05:43,250411_111931684327.jpg,qa_pass,박건,reviewer,EDITED,PASS,,kimchi_with_target,5
2026-10-07 16:05:50,250411_111841310699.jpg,qa_pass,박건,reviewer,EDITED,PASS,,kimchi_with_target,5
2026-10-07 16:06:12,250411_111804424043.jpg,qa_pass,박건,reviewer,EDITED,PASS,,kimchi_with_target,5
2026-10-07 16:06:18,250411_111607753620.jpg,qa_pass,박건,reviewer,DONE,PASS,,kimchi_with_target,5
2026-10-07 16:06:47,250411_111523441250.jpg,qa_pass,박건,reviewer,DONE,PASS,,kimchi_with_target,5
2026-10-07 16:06:53,250411_111358192719.jpg,qa_pass,박건,reviewer,DONE,PASS,,kimchi_with_target,5
2026-10-07 16:07:06,250411_111224174351.jpg,qa_pass,박건,reviewer,EDITED,PASS,,kimchi_with_target,5
2026-10-07 16:07:09,250411_111048457647.jpg,qa_pass,박건,reviewer,EDITED,PASS,,kimchi_with_target,6
2026-10-07 16:07:15,250411_110912420662.jpg,qa_pass,박건,reviewer,DONE,PASS,,kimchi_with_target,5
2026-10-07 16:07:22,250411_110752793773.jpg,qa_pass,박건,reviewer,DONE,PASS,,kimchi_with_target,5
2026-10-07 16:07:33,250411_110708889349.jpg,qa_pass,박건,reviewer,EDITED,PASS,,kimchi_with_target,5
2026-10-07 16:07:37,250411_110621247330.jpg,qa_pass,박건,reviewer,DONE,PASS,,kimchi_with_target,5
2026-10-07 16:07:44,250411_110528408973.jpg,qa_pass,박건,reviewer,EDITED,PASS,,kimchi_with_target,5
2026-10-07 16:07:51,250411_110445062074.jpg,qa_pass,박건,reviewer,DONE,PASS,,kimchi_with_target,5
2026-10-07 16:07:59,250411_110403647899.jpg,qa_pass,박건,reviewer,EDITED,PASS,,kimchi_with_target,5
2026-10-07 16:09:03,250411_110315830870.jpg,qa_pass,박건,reviewer,DONE,PASS,,kimchi_with_target,5
2026-10-07 16:09:15,250411_110216046156.jpg,qa_pass,박건,reviewer,DONE,PASS,,kimchi_with_target,5
2026-10-07 16:09:23,250411_110128241504.jpg,qa_pass,박건,reviewer,DONE,PASS,,kimchi_with_target,5
2026-10-07 16:09:36,250411_105944783561.jpg,qa_pass,박건,reviewer,DONE,PASS,,kimchi_with_target,5
2026-10-07 16:09:43,250411_105859449687.jpg,qa_pass,박건,reviewer,DONE,PASS,,kimchi_with_target,5
2026-10-07 16:09:55,250411_105818677104.jpg,qa_pass,박건,reviewer,DONE,PASS,,kimchi_with_target,5
2026-10-07 16:10:23,250411_105736419426.jpg,qa_pass,박건,reviewer,EDITED,PASS,,kimchi_with_target,5
2026-10-07 16:10:36,250411_105659553370.jpg,qa_pass,박건,reviewer,DONE,PASS,,kimchi_with_target,5
2026-10-07 16:10:46,250411_105617386414.jpg,qa_pass,박건,reviewer,EDITED,PASS,,kimchi_with_target,5
2026-10-07 16:10:58,250411_105453593325.jpg,qa_pass,박건,reviewer,DONE,PASS,,kimchi_with_target,5
2026-10-07 16:11:05,250411_105411000658.jpg,qa_pass,박건,reviewer,DONE,PASS,,kimchi_with_target,5
2026-10-07 16:11:15,250411_105330424099.jpg,qa_pass,박건,reviewer,DONE,PASS,,kimchi_with_target,5
2026-10-07 16:11:22,250411_105254272584.jpg,qa_pass,박건,reviewer,DONE,PASS,,kimchi_with_target,5
2026-10-07 16:11:29,250411_105218591549.jpg,qa_pass,박건,reviewer,DONE,PASS,,kimchi_with_target,5
2026-10-07 16:11:36,250411_105141558000.jpg,qa_pass,박건,reviewer,DONE,PASS,,kimchi_with_target,5
2026-10-07 16:11:45,250411_105105168397.jpg,qa_pass,박건,reviewer,DONE,PASS,,kimchi_with_target,5
2026-10-07 16:12:00,250411_105029820007.jpg,qa_pass,박건,reviewer,DONE,PASS,,kimchi_with_target,5
2026-10-07 16:12:13,250411_104919108350.jpg,qa_pass,박건,reviewer,DONE,PASS,,kimchi_with_target,5
2026-10-07 16:12:24,250411_104839535885.jpg,qa_pass,박건,reviewer,DONE,PASS,,kimchi_with_target,5
2026-10-07 16:12:43,250411_104754825896.jpg,qa_pass,박건,reviewer,DONE,PASS,,kimchi_with_target,5
2026-10-07 16:12:49,250411_104639578731.jpg,qa_pass,박건,reviewer,DONE,PASS,,kimchi_with_target,5
2026-10-07 16:12:53,250411_104605859828.jpg,qa_pass,박건,reviewer,DONE,PASS,,kimchi_with_target,5
2026-10-07 16:13:01,250411_104529041399.jpg,qa_pass,박건,reviewer,DONE,PASS,,kimchi_with_target,5
2026-10-07 16:13:06,250411_104451670998.jpg,qa_pass,박건,reviewer,DONE,PASS,,kimchi_with_target,4
2026-10-07 16:13:11,250411_104332904696.jpg,qa_pass,박건,reviewer,DONE,PASS,,kimchi_with_target,5
2026-10-07 16:13:16,250411_100841614300.jpg,qa_pass,박건,reviewer,DONE,PASS,,kimchi_with_target,5
2026-10-07 16:13:21,250411_100751575116.jpg,qa_pass,박건,reviewer,DONE,PASS,,kimchi_with_target,5
2026-10-07 16:13:29,250411_100709985238.jpg,qa_pass,박건,reviewer,DONE,PASS,,kimchi_with_target,5
2026-10-07 16:13:37,250411_100623192554.jpg,qa_pass,박건,reviewer,DONE,PASS,,kimchi_with_target,5
2026-10-07 16:13:42,250411_100540938085.jpg,qa_pass,박건,reviewer,DONE,PASS,,kimchi_with_target,5
2026-10-07 16:13:55,250411_100456783421.jpg,qa_pass,박건,reviewer,DONE,PASS,,kimchi_with_target,5
2026-10-07 16:14:17,250411_100413893857.jpg,qa_pass,박건,reviewer,EDITED,PASS,,kimchi_with_target,6
2026-10-07 16:14:27,250411_100327766278.jpg,qa_pass,박건,reviewer,DONE,PASS,,kimchi_with_target,5
2026-10-07 16:14:38,250411_100243218238.jpg,qa_pass,박건,reviewer,DONE,PASS,,kimchi_with_target,5
2026-10-07 16:14:54,250411_100114230398.jpg,qa_pass,박건,reviewer,EDITED,PASS,,kimchi_with_target,6
2026-10-07 16:14:59,250411_100024779062.jpg,qa_pass,박건,reviewer,DONE,PASS,,kimchi_with_target,5
2026-10-07 16:15:06,250411_095845387065.jpg,qa_pass,박건,reviewer,EDITED,PASS,,kimchi_with_target,6
2026-10-07 16:15:09,250411_095802178687.jpg,qa_pass,박건,reviewer,DONE,PASS,,kimchi_with_target,5
